file_id,match_id,match_type,ipl_season,match_date,venue,city,team1,team2,toss_winner,toss_decision,outcome,winner,win_by_runs,win_by_wickets,player_of_match_1,player_of_match_2,player_of_match_3,batting_team,innings_no,is_super_over,over,delivery_no,batter,bowler,non_striker,runs_off_bat,extra_runs,total_runs,is_wicket,player_out,wicket_kind,fielder
1359484,20230407_2023_10,League,2023,2023-04-07,"Bharat Ratna Shri Atal Bihari Vajpayee Ekana Cricket Stadium, Lucknow",Lucknow,Sunrisers Hyderabad,Lucknow Super Giants,Sunrisers Hyderabad,bat,win,Lucknow Super Giants,,5,KH Pandya,,,Sunrisers Hyderabad,1,False,0,0.1,Anmolpreet Singh,KR Mayers,MA Agarwal,1,0,1,0,,,
1359484,20230407_2023_10,League,2023,2023-04-07,"Bharat Ratna Shri Atal Bihari Vajpayee Ekana Cricket Stadium, Lucknow",Lucknow,Sunrisers Hyderabad,Lucknow Super Giants,Sunrisers Hyderabad,bat,win,Lucknow Super Giants,,5,KH Pandya,,,Sunrisers Hyderabad,1,False,0,0.2,MA Agarwal,KR Mayers,Anmolpreet Singh,1,0,1,0,,,
1359484,20230407_2023_10,League,2023,2023-04-07,"Bharat Ratna Shri Atal Bihari Vajpayee Ekana Cricket Stadium, Lucknow",Lucknow,Sunrisers Hyderabad,Lucknow Super Giants,Sunrisers Hyderabad,bat,win,Lucknow Super Giants,,5,KH Pandya,,,Sunrisers Hyderabad,1,False,0,0.3,Anmolpreet Singh,KR Mayers,MA Agarwal,1,0,1,0,,,
1359484,20230407_2023_10,League,2023,2023-04-07,"Bharat Ratna Shri Atal Bihari Vajpayee Ekana Cricket Stadium, Lucknow",Lucknow,Sunrisers Hyderabad,Lucknow Super Giants,Sunrisers Hyderabad,bat,win,Lucknow Super Giants,,5,KH Pandya,,,Sunrisers Hyderabad,1,False,0,0.4,MA Agarwal,KR Mayers,Anmolpreet Singh,1,0,1,0,,,
1359484,20230407_2023_10,League,2023,2023-04-07,"Bharat Ratna Shri Atal Bihari Vajpayee Ekana Cricket Stadium, Lucknow",Lucknow,Sunrisers Hyderabad,Lucknow Super Giants,Sunrisers Hyderabad,bat,win,Lucknow Super Giants,,5,KH Pandya,,,Sunrisers Hyderabad,1,False,0,0.5,Anmolpreet Singh,KR Mayers,MA Agarwal,0,0,0,0,,,
1359484,20230407_2023_10,League,2023,2023-04-07,"Bharat Ratna Shri Atal Bihari Vajpayee Ekana Cricket Stadium, Lucknow",Lucknow,Sunrisers Hyderabad,Lucknow Super Giants,Sunrisers Hyderabad,bat,win,Lucknow Super Giants,,5,KH Pandya,,,Sunrisers Hyderabad,1,False,0,0.6,Anmolpreet Singh,KR Mayers,MA Agarwal,1,0,1,0,,,
1359484,20230407_2023_10,League,2023,2023-04-07,"Bharat Ratna Shri Atal Bihari Vajpayee Ekana Cricket Stadium, Lucknow",Lucknow,Sunrisers Hyderabad,Lucknow Super Giants,Sunrisers Hyderabad,bat,win,Lucknow Super Giants,,5,KH Pandya,,,Sunrisers Hyderabad,1,False,1,1.1,Anmolpreet Singh,JD Unadkat,MA Agarwal,0,0,0,0,,,
1359484,20230407_2023_10,League,2023,2023-04-07,"Bharat Ratna Shri Atal Bihari Vajpayee Ekana Cricket Stadium, Lucknow",Lucknow,Sunrisers Hyderabad,Lucknow Super Giants,Sunrisers Hyderabad,bat,win,Lucknow Super Giants,,5,KH Pandya,,,Sunrisers Hyderabad,1,False,1,1.2,Anmolpreet Singh,JD Unadkat,MA Agarwal,2,0,2,0,,,
1359484,20230407_2023_10,League,2023,2023-04-07,"Bharat Ratna Shri Atal Bihari Vajpayee Ekana Cricket Stadium, Lucknow",Lucknow,Sunrisers Hyderabad,Lucknow Super Giants,Sunrisers Hyderabad,bat,win,Lucknow Super Giants,,5,KH Pandya,,,Sunrisers Hyderabad,1,False,1,1.3,Anmolpreet Singh,JD Unadkat,MA Agarwal,0,0,0,0,,,
1359484,20230407_2023_10,League,2023,2023-04-07,"Bharat Ratna Shri Atal Bihari Vajpayee Ekana Cricket Stadium, Lucknow",Lucknow,Sunrisers Hyderabad,Lucknow Super Giants,Sunrisers Hyderabad,bat,win,Lucknow Super Giants,,5,KH Pandya,,,Sunrisers Hyderabad,1,False,1,1.4,Anmolpreet Singh,JD Unadkat,MA Agarwal,1,0,1,0,,,
1359484,20230407_2023_10,League,2023,2023-04-07,"Bharat Ratna Shri Atal Bihari Vajpayee Ekana Cricket Stadium, Lucknow",Lucknow,Sunrisers Hyderabad,Lucknow Super Giants,Sunrisers Hyderabad,bat,win,Lucknow Super Giants,,5,KH Pandya,,,Sunrisers Hyderabad,1,False,1,1.5,MA Agarwal,JD Unadkat,Anmolpreet Singh,1,0,1,0,,,
1359484,20230407_2023_10,League,2023,2023-04-07,"Bharat Ratna Shri Atal Bihari Vajpayee Ekana Cricket Stadium, Lucknow",Lucknow,Sunrisers Hyderabad,Lucknow Super Giants,Sunrisers Hyderabad,bat,win,Lucknow Super Giants,,5,KH Pandya,,,Sunrisers Hyderabad,1,False,1,1.6,Anmolpreet Singh,JD Unadkat,MA Agarwal,6,0,6,0,,,
1359484,20230407_2023_10,League,2023,2023-04-07,"Bharat Ratna Shri Atal Bihari Vajpayee Ekana Cricket Stadium, Lucknow",Lucknow,Sunrisers Hyderabad,Lucknow Super Giants,Sunrisers Hyderabad,bat,win,Lucknow Super Giants,,5,KH Pandya,,,Sunrisers Hyderabad,1,False,2,2.1,MA Agarwal,KH Pandya,Anmolpreet Singh,0,0,0,0,,,
1359484,20230407_2023_10,League,2023,2023-04-07,"Bharat Ratna Shri Atal Bihari Vajpayee Ekana Cricket Stadium, Lucknow",Lucknow,Sunrisers Hyderabad,Lucknow Super Giants,Sunrisers Hyderabad,bat,win,Lucknow Super Giants,,5,KH Pandya,,,Sunrisers Hyderabad,1,False,2,2.2,MA Agarwal,KH Pandya,Anmolpreet Singh,4,0,4,0,,,
1359484,20230407_2023_10,League,2023,2023-04-07,"Bharat Ratna Shri Atal Bihari Vajpayee Ekana Cricket Stadium, Lucknow",Lucknow,Sunrisers Hyderabad,Lucknow Super Giants,Sunrisers Hyderabad,bat,win,Lucknow Super Giants,,5,KH Pandya,,,Sunrisers Hyderabad,1,False,2,2.3,MA Agarwal,KH Pandya,Anmolpreet Singh,1,0,1,0,,,
1359484,20230407_2023_10,League,2023,2023-04-07,"Bharat Ratna Shri Atal Bihari Vajpayee Ekana Cricket Stadium, Lucknow",Lucknow,Sunrisers Hyderabad,Lucknow Super Giants,Sunrisers Hyderabad,bat,win,Lucknow Super Giants,,5,KH Pandya,,,Sunrisers Hyderabad,1,False,2,2.4,Anmolpreet Singh,KH Pandya,MA Agarwal,1,0,1,0,,,
1359484,20230407_2023_10,League,2023,2023-04-07,"Bharat Ratna Shri Atal Bihari Vajpayee Ekana Cricket Stadium, Lucknow",Lucknow,Sunrisers Hyderabad,Lucknow Super Giants,Sunrisers Hyderabad,bat,win,Lucknow Super Giants,,5,KH Pandya,,,Sunrisers Hyderabad,1,False,2,2.5,MA Agarwal,KH Pandya,Anmolpreet Singh,0,0,0,1,MA Agarwal,caught,MP Stoinis
1359484,20230407_2023_10,League,2023,2023-04-07,"Bharat Ratna Shri Atal Bihari Vajpayee Ekana Cricket Stadium, Lucknow",Lucknow,Sunrisers Hyderabad,Lucknow Super Giants,Sunrisers Hyderabad,bat,win,Lucknow Super Giants,,5,KH Pandya,,,Sunrisers Hyderabad,1,False,2,2.6,RA Tripathi,KH Pandya,Anmolpreet Singh,0,0,0,0,,,
1359484,20230407_2023_10,League,2023,2023-04-07,"Bharat Ratna Shri Atal Bihari Vajpayee Ekana Cricket Stadium, Lucknow",Lucknow,Sunrisers Hyderabad,Lucknow Super Giants,Sunrisers Hyderabad,bat,win,Lucknow Super Giants,,5,KH Pandya,,,Sunrisers Hyderabad,1,False,3,3.1,Anmolpreet Singh,JD Unadkat,RA Tripathi,0,0,0,0,,,
1359484,20230407_2023_10,League,2023,2023-04-07,"Bharat Ratna Shri Atal Bihari Vajpayee Ekana Cricket Stadium, Lucknow",Lucknow,Sunrisers Hyderabad,Lucknow Super Giants,Sunrisers Hyderabad,bat,win,Lucknow Super Giants,,5,KH Pandya,,,Sunrisers Hyderabad,1,False,3,3.2,Anmolpreet Singh,JD Unadkat,RA Tripathi,1,0,1,0,,,
1359484,20230407_2023_10,League,2023,2023-04-07,"Bharat Ratna Shri Atal Bihari Vajpayee Ekana Cricket Stadium, Lucknow",Lucknow,Sunrisers Hyderabad,Lucknow Super Giants,Sunrisers Hyderabad,bat,win,Lucknow Super Giants,,5,KH Pandya,,,Sunrisers Hyderabad,1,False,3,3.3,RA Tripathi,JD Unadkat,Anmolpreet Singh,0,0,0,0,,,
1359484,20230407_2023_10,League,2023,2023-04-07,"Bharat Ratna Shri Atal Bihari Vajpayee Ekana Cricket Stadium, Lucknow",Lucknow,Sunrisers Hyderabad,Lucknow Super Giants,Sunrisers Hyderabad,bat,win,Lucknow Super Giants,,5,KH Pandya,,,Sunrisers Hyderabad,1,False,3,3.4,RA Tripathi,JD Unadkat,Anmolpreet Singh,0,0,0,0,,,
1359484,20230407_2023_10,League,2023,2023-04-07,"Bharat Ratna Shri Atal Bihari Vajpayee Ekana Cricket Stadium, Lucknow",Lucknow,Sunrisers Hyderabad,Lucknow Super Giants,Sunrisers Hyderabad,bat,win,Lucknow Super Giants,,5,KH Pandya,,,Sunrisers Hyderabad,1,False,3,3.5,RA Tripathi,JD Unadkat,Anmolpreet Singh,1,0,1,0,,,
1359484,20230407_2023_10,League,2023,2023-04-07,"Bharat Ratna Shri Atal Bihari Vajpayee Ekana Cricket Stadium, Lucknow",Lucknow,Sunrisers Hyderabad,Lucknow Super Giants,Sunrisers Hyderabad,bat,win,Lucknow Super Giants,,5,KH Pandya,,,Sunrisers Hyderabad,1,False,3,3.6,Anmolpreet Singh,JD Unadkat,RA Tripathi,0,1,1,0,,,
1359484,20230407_2023_10,League,2023,2023-04-07,"Bharat Ratna Shri Atal Bihari Vajpayee Ekana Cricket Stadium, Lucknow",Lucknow,Sunrisers Hyderabad,Lucknow Super Giants,Sunrisers Hyderabad,bat,win,Lucknow Super Giants,,5,KH Pandya,,,Sunrisers Hyderabad,1,False,3,3.7,Anmolpreet Singh,JD Unadkat,RA Tripathi,0,0,0,0,,,
1359484,20230407_2023_10,League,2023,2023-04-07,"Bharat Ratna Shri Atal Bihari Vajpayee Ekana Cricket Stadium, Lucknow",Lucknow,Sunrisers Hyderabad,Lucknow Super Giants,Sunrisers Hyderabad,bat,win,Lucknow Super Giants,,5,KH Pandya,,,Sunrisers Hyderabad,1,False,4,4.1,RA Tripathi,KH Pandya,Anmolpreet Singh,0,0,0,0,,,
1359484,20230407_2023_10,League,2023,2023-04-07,"Bharat Ratna Shri Atal Bihari Vajpayee Ekana Cricket Stadium, Lucknow",Lucknow,Sunrisers Hyderabad,Lucknow Super Giants,Sunrisers Hyderabad,bat,win,Lucknow Super Giants,,5,KH Pandya,,,Sunrisers Hyderabad,1,False,4,4.2,RA Tripathi,KH Pandya,Anmolpreet Singh,1,0,1,0,,,
1359484,20230407_2023_10,League,2023,2023-04-07,"Bharat Ratna Shri Atal Bihari Vajpayee Ekana Cricket Stadium, Lucknow",Lucknow,Sunrisers Hyderabad,Lucknow Super Giants,Sunrisers Hyderabad,bat,win,Lucknow Super Giants,,5,KH Pandya,,,Sunrisers Hyderabad,1,False,4,4.3,Anmolpreet Singh,KH Pandya,RA Tripathi,0,0,0,0,,,
1359484,20230407_2023_10,League,2023,2023-04-07,"Bharat Ratna Shri Atal Bihari Vajpayee Ekana Cricket Stadium, Lucknow",Lucknow,Sunrisers Hyderabad,Lucknow Super Giants,Sunrisers Hyderabad,bat,win,Lucknow Super Giants,,5,KH Pandya,,,Sunrisers Hyderabad,1,False,4,4.4,Anmolpreet Singh,KH Pandya,RA Tripathi,0,0,0,0,,,
1359484,20230407_2023_10,League,2023,2023-04-07,"Bharat Ratna Shri Atal Bihari Vajpayee Ekana Cricket Stadium, Lucknow",Lucknow,Sunrisers Hyderabad,Lucknow Super Giants,Sunrisers Hyderabad,bat,win,Lucknow Super Giants,,5,KH Pandya,,,Sunrisers Hyderabad,1,False,4,4.5,Anmolpreet Singh,KH Pandya,RA Tripathi,4,0,4,0,,,
1359484,20230407_2023_10,League,2023,2023-04-07,"Bharat Ratna Shri Atal Bihari Vajpayee Ekana Cricket Stadium, Lucknow",Lucknow,Sunrisers Hyderabad,Lucknow Super Giants,Sunrisers Hyderabad,bat,win,Lucknow Super Giants,,5,KH Pandya,,,Sunrisers Hyderabad,1,False,4,4.6,Anmolpreet Singh,KH Pandya,RA Tripathi,4,0,4,0,,,
1359484,20230407_2023_10,League,2023,2023-04-07,"Bharat Ratna Shri Atal Bihari Vajpayee Ekana Cricket Stadium, Lucknow",Lucknow,Sunrisers Hyderabad,Lucknow Super Giants,Sunrisers Hyderabad,bat,win,Lucknow Super Giants,,5,KH Pandya,,,Sunrisers Hyderabad,1,False,5,5.1,RA Tripathi,Yash Thakur,Anmolpreet Singh,4,0,4,0,,,
1359484,20230407_2023_10,League,2023,2023-04-07,"Bharat Ratna Shri Atal Bihari Vajpayee Ekana Cricket Stadium, Lucknow",Lucknow,Sunrisers Hyderabad,Lucknow Super Giants,Sunrisers Hyderabad,bat,win,Lucknow Super Giants,,5,KH Pandya,,,Sunrisers Hyderabad,1,False,5,5.2,RA Tripathi,Yash Thakur,Anmolpreet Singh,0,1,1,0,,,
1359484,20230407_2023_10,League,2023,2023-04-07,"Bharat Ratna Shri Atal Bihari Vajpayee Ekana Cricket Stadium, Lucknow",Lucknow,Sunrisers Hyderabad,Lucknow Super Giants,Sunrisers Hyderabad,bat,win,Lucknow Super Giants,,5,KH Pandya,,,Sunrisers Hyderabad,1,False,5,5.3,Anmolpreet Singh,Yash Thakur,RA Tripathi,0,0,0,0,,,
1359484,20230407_2023_10,League,2023,2023-04-07,"Bharat Ratna Shri Atal Bihari Vajpayee Ekana Cricket Stadium, Lucknow",Lucknow,Sunrisers Hyderabad,Lucknow Super Giants,Sunrisers Hyderabad,bat,win,Lucknow Super Giants,,5,KH Pandya,,,Sunrisers Hyderabad,1,False,5,5.4,Anmolpreet Singh,Yash Thakur,RA Tripathi,0,0,0,0,,,
1359484,20230407_2023_10,League,2023,2023-04-07,"Bharat Ratna Shri Atal Bihari Vajpayee Ekana Cricket Stadium, Lucknow",Lucknow,Sunrisers Hyderabad,Lucknow Super Giants,Sunrisers Hyderabad,bat,win,Lucknow Super Giants,,5,KH Pandya,,,Sunrisers Hyderabad,1,False,5,5.5,Anmolpreet Singh,Yash Thakur,RA Tripathi,4,0,4,0,,,
1359484,20230407_2023_10,League,2023,2023-04-07,"Bharat Ratna Shri Atal Bihari Vajpayee Ekana Cricket Stadium, Lucknow",Lucknow,Sunrisers Hyderabad,Lucknow Super Giants,Sunrisers Hyderabad,bat,win,Lucknow Super Giants,,5,KH Pandya,,,Sunrisers Hyderabad,1,False,5,5.6,Anmolpreet Singh,Yash Thakur,RA Tripathi,1,0,1,0,,,
1359484,20230407_2023_10,League,2023,2023-04-07,"Bharat Ratna Shri Atal Bihari Vajpayee Ekana Cricket Stadium, Lucknow",Lucknow,Sunrisers Hyderabad,Lucknow Super Giants,Sunrisers Hyderabad,bat,win,Lucknow Super Giants,,5,KH Pandya,,,Sunrisers Hyderabad,1,False,6,6.1,Anmolpreet Singh,Ravi Bishnoi,RA Tripathi,1,0,1,0,,,
1359484,20230407_2023_10,League,2023,2023-04-07,"Bharat Ratna Shri Atal Bihari Vajpayee Ekana Cricket Stadium, Lucknow",Lucknow,Sunrisers Hyderabad,Lucknow Super Giants,Sunrisers Hyderabad,bat,win,Lucknow Super Giants,,5,KH Pandya,,,Sunrisers Hyderabad,1,False,6,6.2,RA Tripathi,Ravi Bishnoi,Anmolpreet Singh,0,0,0,0,,,
1359484,20230407_2023_10,League,2023,2023-04-07,"Bharat Ratna Shri Atal Bihari Vajpayee Ekana Cricket Stadium, Lucknow",Lucknow,Sunrisers Hyderabad,Lucknow Super Giants,Sunrisers Hyderabad,bat,win,Lucknow Super Giants,,5,KH Pandya,,,Sunrisers Hyderabad,1,False,6,6.3,RA Tripathi,Ravi Bishnoi,Anmolpreet Singh,1,0,1,0,,,
1359484,20230407_2023_10,League,2023,2023-04-07,"Bharat Ratna Shri Atal Bihari Vajpayee Ekana Cricket Stadium, Lucknow",Lucknow,Sunrisers Hyderabad,Lucknow Super Giants,Sunrisers Hyderabad,bat,win,Lucknow Super Giants,,5,KH Pandya,,,Sunrisers Hyderabad,1,False,6,6.4,Anmolpreet Singh,Ravi Bishnoi,RA Tripathi,1,0,1,0,,,
1359484,20230407_2023_10,League,2023,2023-04-07,"Bharat Ratna Shri Atal Bihari Vajpayee Ekana Cricket Stadium, Lucknow",Lucknow,Sunrisers Hyderabad,Lucknow Super Giants,Sunrisers Hyderabad,bat,win,Lucknow Super Giants,,5,KH Pandya,,,Sunrisers Hyderabad,1,False,6,6.5,RA Tripathi,Ravi Bishnoi,Anmolpreet Singh,1,0,1,0,,,
1359484,20230407_2023_10,League,2023,2023-04-07,"Bharat Ratna Shri Atal Bihari Vajpayee Ekana Cricket Stadium, Lucknow",Lucknow,Sunrisers Hyderabad,Lucknow Super Giants,Sunrisers Hyderabad,bat,win,Lucknow Super Giants,,5,KH Pandya,,,Sunrisers Hyderabad,1,False,6,6.6,Anmolpreet Singh,Ravi Bishnoi,RA Tripathi,1,0,1,0,,,
1359484,20230407_2023_10,League,2023,2023-04-07,"Bharat Ratna Shri Atal Bihari Vajpayee Ekana Cricket Stadium, Lucknow",Lucknow,Sunrisers Hyderabad,Lucknow Super Giants,Sunrisers Hyderabad,bat,win,Lucknow Super Giants,,5,KH Pandya,,,Sunrisers Hyderabad,1,False,7,7.1,Anmolpreet Singh,KH Pandya,RA Tripathi,1,0,1,0,,,
1359484,20230407_2023_10,League,2023,2023-04-07,"Bharat Ratna Shri Atal Bihari Vajpayee Ekana Cricket Stadium, Lucknow",Lucknow,Sunrisers Hyderabad,Lucknow Super Giants,Sunrisers Hyderabad,bat,win,Lucknow Super Giants,,5,KH Pandya,,,Sunrisers Hyderabad,1,False,7,7.2,RA Tripathi,KH Pandya,Anmolpreet Singh,0,0,0,0,,,
1359484,20230407_2023_10,League,2023,2023-04-07,"Bharat Ratna Shri Atal Bihari Vajpayee Ekana Cricket Stadium, Lucknow",Lucknow,Sunrisers Hyderabad,Lucknow Super Giants,Sunrisers Hyderabad,bat,win,Lucknow Super Giants,,5,KH Pandya,,,Sunrisers Hyderabad,1,False,7,7.3,RA Tripathi,KH Pandya,Anmolpreet Singh,0,0,0,0,,,
1359484,20230407_2023_10,League,2023,2023-04-07,"Bharat Ratna Shri Atal Bihari Vajpayee Ekana Cricket Stadium, Lucknow",Lucknow,Sunrisers Hyderabad,Lucknow Super Giants,Sunrisers Hyderabad,bat,win,Lucknow Super Giants,,5,KH Pandya,,,Sunrisers Hyderabad,1,False,7,7.4,RA Tripathi,KH Pandya,Anmolpreet Singh,1,0,1,0,,,
1359484,20230407_2023_10,League,2023,2023-04-07,"Bharat Ratna Shri Atal Bihari Vajpayee Ekana Cricket Stadium, Lucknow",Lucknow,Sunrisers Hyderabad,Lucknow Super Giants,Sunrisers Hyderabad,bat,win,Lucknow Super Giants,,5,KH Pandya,,,Sunrisers Hyderabad,1,False,7,7.5,Anmolpreet Singh,KH Pandya,RA Tripathi,0,0,0,1,Anmolpreet Singh,lbw,
1359484,20230407_2023_10,League,2023,2023-04-07,"Bharat Ratna Shri Atal Bihari Vajpayee Ekana Cricket Stadium, Lucknow",Lucknow,Sunrisers Hyderabad,Lucknow Super Giants,Sunrisers Hyderabad,bat,win,Lucknow Super Giants,,5,KH Pandya,,,Sunrisers Hyderabad,1,False,7,7.6,AK Markram,KH Pandya,RA Tripathi,0,0,0,1,AK Markram,bowled,
1359484,20230407_2023_10,League,2023,2023-04-07,"Bharat Ratna Shri Atal Bihari Vajpayee Ekana Cricket Stadium, Lucknow",Lucknow,Sunrisers Hyderabad,Lucknow Super Giants,Sunrisers Hyderabad,bat,win,Lucknow Super Giants,,5,KH Pandya,,,Sunrisers Hyderabad,1,False,8,8.1,RA Tripathi,Ravi Bishnoi,HC Brook,1,0,1,0,,,
1359484,20230407_2023_10,League,2023,2023-04-07,"Bharat Ratna Shri Atal Bihari Vajpayee Ekana Cricket Stadium, Lucknow",Lucknow,Sunrisers Hyderabad,Lucknow Super Giants,Sunrisers Hyderabad,bat,win,Lucknow Super Giants,,5,KH Pandya,,,Sunrisers Hyderabad,1,False,8,8.2,HC Brook,Ravi Bishnoi,RA Tripathi,1,0,1,0,,,
1359484,20230407_2023_10,League,2023,2023-04-07,"Bharat Ratna Shri Atal Bihari Vajpayee Ekana Cricket Stadium, Lucknow",Lucknow,Sunrisers Hyderabad,Lucknow Super Giants,Sunrisers Hyderabad,bat,win,Lucknow Super Giants,,5,KH Pandya,,,Sunrisers Hyderabad,1,False,8,8.3,RA Tripathi,Ravi Bishnoi,HC Brook,1,0,1,0,,,
1359484,20230407_2023_10,League,2023,2023-04-07,"Bharat Ratna Shri Atal Bihari Vajpayee Ekana Cricket Stadium, Lucknow",Lucknow,Sunrisers Hyderabad,Lucknow Super Giants,Sunrisers Hyderabad,bat,win,Lucknow Super Giants,,5,KH Pandya,,,Sunrisers Hyderabad,1,False,8,8.4,HC Brook,Ravi Bishnoi,RA Tripathi,2,0,2,0,,,
1359484,20230407_2023_10,League,2023,2023-04-07,"Bharat Ratna Shri Atal Bihari Vajpayee Ekana Cricket Stadium, Lucknow",Lucknow,Sunrisers Hyderabad,Lucknow Super Giants,Sunrisers Hyderabad,bat,win,Lucknow Super Giants,,5,KH Pandya,,,Sunrisers Hyderabad,1,False,8,8.5,HC Brook,Ravi Bishnoi,RA Tripathi,0,0,0,0,,,
1359484,20230407_2023_10,League,2023,2023-04-07,"Bharat Ratna Shri Atal Bihari Vajpayee Ekana Cricket Stadium, Lucknow",Lucknow,Sunrisers Hyderabad,Lucknow Super Giants,Sunrisers Hyderabad,bat,win,Lucknow Super Giants,,5,KH Pandya,,,Sunrisers Hyderabad,1,False,8,8.6,HC Brook,Ravi Bishnoi,RA Tripathi,0,0,0,1,HC Brook,stumped,N Pooran
1359484,20230407_2023_10,League,2023,2023-04-07,"Bharat Ratna Shri Atal Bihari Vajpayee Ekana Cricket Stadium, Lucknow",Lucknow,Sunrisers Hyderabad,Lucknow Super Giants,Sunrisers Hyderabad,bat,win,Lucknow Super Giants,,5,KH Pandya,,,Sunrisers Hyderabad,1,False,9,9.1,RA Tripathi,DJ Hooda,Washington Sundar,1,0,1,0,,,
1359484,20230407_2023_10,League,2023,2023-04-07,"Bharat Ratna Shri Atal Bihari Vajpayee Ekana Cricket Stadium, Lucknow",Lucknow,Sunrisers Hyderabad,Lucknow Super Giants,Sunrisers Hyderabad,bat,win,Lucknow Super Giants,,5,KH Pandya,,,Sunrisers Hyderabad,1,False,9,9.2,Washington Sundar,DJ Hooda,RA Tripathi,1,0,1,0,,,
1359484,20230407_2023_10,League,2023,2023-04-07,"Bharat Ratna Shri Atal Bihari Vajpayee Ekana Cricket Stadium, Lucknow",Lucknow,Sunrisers Hyderabad,Lucknow Super Giants,Sunrisers Hyderabad,bat,win,Lucknow Super Giants,,5,KH Pandya,,,Sunrisers Hyderabad,1,False,9,9.3,RA Tripathi,DJ Hooda,Washington Sundar,1,0,1,0,,,
1359484,20230407_2023_10,League,2023,2023-04-07,"Bharat Ratna Shri Atal Bihari Vajpayee Ekana Cricket Stadium, Lucknow",Lucknow,Sunrisers Hyderabad,Lucknow Super Giants,Sunrisers Hyderabad,bat,win,Lucknow Super Giants,,5,KH Pandya,,,Sunrisers Hyderabad,1,False,9,9.4,Washington Sundar,DJ Hooda,RA Tripathi,1,0,1,0,,,
1359484,20230407_2023_10,League,2023,2023-04-07,"Bharat Ratna Shri Atal Bihari Vajpayee Ekana Cricket Stadium, Lucknow",Lucknow,Sunrisers Hyderabad,Lucknow Super Giants,Sunrisers Hyderabad,bat,win,Lucknow Super Giants,,5,KH Pandya,,,Sunrisers Hyderabad,1,False,9,9.5,RA Tripathi,DJ Hooda,Washington Sundar,0,0,0,0,,,
1359484,20230407_2023_10,League,2023,2023-04-07,"Bharat Ratna Shri Atal Bihari Vajpayee Ekana Cricket Stadium, Lucknow",Lucknow,Sunrisers Hyderabad,Lucknow Super Giants,Sunrisers Hyderabad,bat,win,Lucknow Super Giants,,5,KH Pandya,,,Sunrisers Hyderabad,1,False,9,9.6,RA Tripathi,DJ Hooda,Washington Sundar,4,0,4,0,,,
1359484,20230407_2023_10,League,2023,2023-04-07,"Bharat Ratna Shri Atal Bihari Vajpayee Ekana Cricket Stadium, Lucknow",Lucknow,Sunrisers Hyderabad,Lucknow Super Giants,Sunrisers Hyderabad,bat,win,Lucknow Super Giants,,5,KH Pandya,,,Sunrisers Hyderabad,1,False,10,10.1,Washington Sundar,Ravi Bishnoi,RA Tripathi,0,0,0,0,,,
1359484,20230407_2023_10,League,2023,2023-04-07,"Bharat Ratna Shri Atal Bihari Vajpayee Ekana Cricket Stadium, Lucknow",Lucknow,Sunrisers Hyderabad,Lucknow Super Giants,Sunrisers Hyderabad,bat,win,Lucknow Super Giants,,5,KH Pandya,,,Sunrisers Hyderabad,1,False,10,10.2,Washington Sundar,Ravi Bishnoi,RA Tripathi,1,0,1,0,,,
1359484,20230407_2023_10,League,2023,2023-04-07,"Bharat Ratna Shri Atal Bihari Vajpayee Ekana Cricket Stadium, Lucknow",Lucknow,Sunrisers Hyderabad,Lucknow Super Giants,Sunrisers Hyderabad,bat,win,Lucknow Super Giants,,5,KH Pandya,,,Sunrisers Hyderabad,1,False,10,10.3,RA Tripathi,Ravi Bishnoi,Washington Sundar,0,0,0,0,,,
1359484,20230407_2023_10,League,2023,2023-04-07,"Bharat Ratna Shri Atal Bihari Vajpayee Ekana Cricket Stadium, Lucknow",Lucknow,Sunrisers Hyderabad,Lucknow Super Giants,Sunrisers Hyderabad,bat,win,Lucknow Super Giants,,5,KH Pandya,,,Sunrisers Hyderabad,1,False,10,10.4,RA Tripathi,Ravi Bishnoi,Washington Sundar,1,0,1,0,,,
1359484,20230407_2023_10,League,2023,2023-04-07,"Bharat Ratna Shri Atal Bihari Vajpayee Ekana Cricket Stadium, Lucknow",Lucknow,Sunrisers Hyderabad,Lucknow Super Giants,Sunrisers Hyderabad,bat,win,Lucknow Super Giants,,5,KH Pandya,,,Sunrisers Hyderabad,1,False,10,10.5,Washington Sundar,Ravi Bishnoi,RA Tripathi,0,0,0,0,,,
1359484,20230407_2023_10,League,2023,2023-04-07,"Bharat Ratna Shri Atal Bihari Vajpayee Ekana Cricket Stadium, Lucknow",Lucknow,Sunrisers Hyderabad,Lucknow Super Giants,Sunrisers Hyderabad,bat,win,Lucknow Super Giants,,5,KH Pandya,,,Sunrisers Hyderabad,1,False,10,10.6,Washington Sundar,Ravi Bishnoi,RA Tripathi,0,0,0,0,,,
1359484,20230407_2023_10,League,2023,2023-04-07,"Bharat Ratna Shri Atal Bihari Vajpayee Ekana Cricket Stadium, Lucknow",Lucknow,Sunrisers Hyderabad,Lucknow Super Giants,Sunrisers Hyderabad,bat,win,Lucknow Super Giants,,5,KH Pandya,,,Sunrisers Hyderabad,1,False,11,11.1,RA Tripathi,Yash Thakur,Washington Sundar,1,0,1,0,,,
1359484,20230407_2023_10,League,2023,2023-04-07,"Bharat Ratna Shri Atal Bihari Vajpayee Ekana Cricket Stadium, Lucknow",Lucknow,Sunrisers Hyderabad,Lucknow Super Giants,Sunrisers Hyderabad,bat,win,Lucknow Super Giants,,5,KH Pandya,,,Sunrisers Hyderabad,1,False,11,11.2,Washington Sundar,Yash Thakur,RA Tripathi,0,0,0,0,,,
1359484,20230407_2023_10,League,2023,2023-04-07,"Bharat Ratna Shri Atal Bihari Vajpayee Ekana Cricket Stadium, Lucknow",Lucknow,Sunrisers Hyderabad,Lucknow Super Giants,Sunrisers Hyderabad,bat,win,Lucknow Super Giants,,5,KH Pandya,,,Sunrisers Hyderabad,1,False,11,11.3,Washington Sundar,Yash Thakur,RA Tripathi,1,0,1,0,,,
1359484,20230407_2023_10,League,2023,2023-04-07,"Bharat Ratna Shri Atal Bihari Vajpayee Ekana Cricket Stadium, Lucknow",Lucknow,Sunrisers Hyderabad,Lucknow Super Giants,Sunrisers Hyderabad,bat,win,Lucknow Super Giants,,5,KH Pandya,,,Sunrisers Hyderabad,1,False,11,11.4,RA Tripathi,Yash Thakur,Washington Sundar,0,0,0,0,,,
1359484,20230407_2023_10,League,2023,2023-04-07,"Bharat Ratna Shri Atal Bihari Vajpayee Ekana Cricket Stadium, Lucknow",Lucknow,Sunrisers Hyderabad,Lucknow Super Giants,Sunrisers Hyderabad,bat,win,Lucknow Super Giants,,5,KH Pandya,,,Sunrisers Hyderabad,1,False,11,11.5,RA Tripathi,Yash Thakur,Washington Sundar,1,0,1,0,,,
1359484,20230407_2023_10,League,2023,2023-04-07,"Bharat Ratna Shri Atal Bihari Vajpayee Ekana Cricket Stadium, Lucknow",Lucknow,Sunrisers Hyderabad,Lucknow Super Giants,Sunrisers Hyderabad,bat,win,Lucknow Super Giants,,5,KH Pandya,,,Sunrisers Hyderabad,1,False,11,11.6,Washington Sundar,Yash Thakur,RA Tripathi,1,0,1,0,,,
1359484,20230407_2023_10,League,2023,2023-04-07,"Bharat Ratna Shri Atal Bihari Vajpayee Ekana Cricket Stadium, Lucknow",Lucknow,Sunrisers Hyderabad,Lucknow Super Giants,Sunrisers Hyderabad,bat,win,Lucknow Super Giants,,5,KH Pandya,,,Sunrisers Hyderabad,1,False,12,12.1,Washington Sundar,A Mishra,RA Tripathi,1,0,1,0,,,
1359484,20230407_2023_10,League,2023,2023-04-07,"Bharat Ratna Shri Atal Bihari Vajpayee Ekana Cricket Stadium, Lucknow",Lucknow,Sunrisers Hyderabad,Lucknow Super Giants,Sunrisers Hyderabad,bat,win,Lucknow Super Giants,,5,KH Pandya,,,Sunrisers Hyderabad,1,False,12,12.2,RA Tripathi,A Mishra,Washington Sundar,0,0,0,0,,,
1359484,20230407_2023_10,League,2023,2023-04-07,"Bharat Ratna Shri Atal Bihari Vajpayee Ekana Cricket Stadium, Lucknow",Lucknow,Sunrisers Hyderabad,Lucknow Super Giants,Sunrisers Hyderabad,bat,win,Lucknow Super Giants,,5,KH Pandya,,,Sunrisers Hyderabad,1,False,12,12.3,RA Tripathi,A Mishra,Washington Sundar,1,0,1,0,,,
1359484,20230407_2023_10,League,2023,2023-04-07,"Bharat Ratna Shri Atal Bihari Vajpayee Ekana Cricket Stadium, Lucknow",Lucknow,Sunrisers Hyderabad,Lucknow Super Giants,Sunrisers Hyderabad,bat,win,Lucknow Super Giants,,5,KH Pandya,,,Sunrisers Hyderabad,1,False,12,12.4,Washington Sundar,A Mishra,RA Tripathi,0,0,0,0,,,
1359484,20230407_2023_10,League,2023,2023-04-07,"Bharat Ratna Shri Atal Bihari Vajpayee Ekana Cricket Stadium, Lucknow",Lucknow,Sunrisers Hyderabad,Lucknow Super Giants,Sunrisers Hyderabad,bat,win,Lucknow Super Giants,,5,KH Pandya,,,Sunrisers Hyderabad,1,False,12,12.5,Washington Sundar,A Mishra,RA Tripathi,0,0,0,0,,,
1359484,20230407_2023_10,League,2023,2023-04-07,"Bharat Ratna Shri Atal Bihari Vajpayee Ekana Cricket Stadium, Lucknow",Lucknow,Sunrisers Hyderabad,Lucknow Super Giants,Sunrisers Hyderabad,bat,win,Lucknow Super Giants,,5,KH Pandya,,,Sunrisers Hyderabad,1,False,12,12.6,Washington Sundar,A Mishra,RA Tripathi,1,0,1,0,,,
1359484,20230407_2023_10,League,2023,2023-04-07,"Bharat Ratna Shri Atal Bihari Vajpayee Ekana Cricket Stadium, Lucknow",Lucknow,Sunrisers Hyderabad,Lucknow Super Giants,Sunrisers Hyderabad,bat,win,Lucknow Super Giants,,5,KH Pandya,,,Sunrisers Hyderabad,1,False,13,13.1,Washington Sundar,Ravi Bishnoi,RA Tripathi,0,1,1,0,,,
1359484,20230407_2023_10,League,2023,2023-04-07,"Bharat Ratna Shri Atal Bihari Vajpayee Ekana Cricket Stadium, Lucknow",Lucknow,Sunrisers Hyderabad,Lucknow Super Giants,Sunrisers Hyderabad,bat,win,Lucknow Super Giants,,5,KH Pandya,,,Sunrisers Hyderabad,1,False,13,13.2,Washington Sundar,Ravi Bishnoi,RA Tripathi,1,0,1,0,,,
1359484,20230407_2023_10,League,2023,2023-04-07,"Bharat Ratna Shri Atal Bihari Vajpayee Ekana Cricket Stadium, Lucknow",Lucknow,Sunrisers Hyderabad,Lucknow Super Giants,Sunrisers Hyderabad,bat,win,Lucknow Super Giants,,5,KH Pandya,,,Sunrisers Hyderabad,1,False,13,13.3,RA Tripathi,Ravi Bishnoi,Washington Sundar,1,0,1,0,,,
1359484,20230407_2023_10,League,2023,2023-04-07,"Bharat Ratna Shri Atal Bihari Vajpayee Ekana Cricket Stadium, Lucknow",Lucknow,Sunrisers Hyderabad,Lucknow Super Giants,Sunrisers Hyderabad,bat,win,Lucknow Super Giants,,5,KH Pandya,,,Sunrisers Hyderabad,1,False,13,13.4,Washington Sundar,Ravi Bishnoi,RA Tripathi,0,0,0,0,,,
1359484,20230407_2023_10,League,2023,2023-04-07,"Bharat Ratna Shri Atal Bihari Vajpayee Ekana Cricket Stadium, Lucknow",Lucknow,Sunrisers Hyderabad,Lucknow Super Giants,Sunrisers Hyderabad,bat,win,Lucknow Super Giants,,5,KH Pandya,,,Sunrisers Hyderabad,1,False,13,13.5,Washington Sundar,Ravi Bishnoi,RA Tripathi,0,0,0,0,,,
1359484,20230407_2023_10,League,2023,2023-04-07,"Bharat Ratna Shri Atal Bihari Vajpayee Ekana Cricket Stadium, Lucknow",Lucknow,Sunrisers Hyderabad,Lucknow Super Giants,Sunrisers Hyderabad,bat,win,Lucknow Super Giants,,5,KH Pandya,,,Sunrisers Hyderabad,1,False,13,13.6,Washington Sundar,Ravi Bishnoi,RA Tripathi,1,0,1,0,,,
1359484,20230407_2023_10,League,2023,2023-04-07,"Bharat Ratna Shri Atal Bihari Vajpayee Ekana Cricket Stadium, Lucknow",Lucknow,Sunrisers Hyderabad,Lucknow Super Giants,Sunrisers Hyderabad,bat,win,Lucknow Super Giants,,5,KH Pandya,,,Sunrisers Hyderabad,1,False,13,13.7,RA Tripathi,Ravi Bishnoi,Washington Sundar,0,0,0,0,,,
1359484,20230407_2023_10,League,2023,2023-04-07,"Bharat Ratna Shri Atal Bihari Vajpayee Ekana Cricket Stadium, Lucknow",Lucknow,Sunrisers Hyderabad,Lucknow Super Giants,Sunrisers Hyderabad,bat,win,Lucknow Super Giants,,5,KH Pandya,,,Sunrisers Hyderabad,1,False,14,14.1,Washington Sundar,A Mishra,RA Tripathi,1,0,1,0,,,
1359484,20230407_2023_10,League,2023,2023-04-07,"Bharat Ratna Shri Atal Bihari Vajpayee Ekana Cricket Stadium, Lucknow",Lucknow,Sunrisers Hyderabad,Lucknow Super Giants,Sunrisers Hyderabad,bat,win,Lucknow Super Giants,,5,KH Pandya,,,Sunrisers Hyderabad,1,False,14,14.2,RA Tripathi,A Mishra,Washington Sundar,0,0,0,0,,,
1359484,20230407_2023_10,League,2023,2023-04-07,"Bharat Ratna Shri Atal Bihari Vajpayee Ekana Cricket Stadium, Lucknow",Lucknow,Sunrisers Hyderabad,Lucknow Super Giants,Sunrisers Hyderabad,bat,win,Lucknow Super Giants,,5,KH Pandya,,,Sunrisers Hyderabad,1,False,14,14.3,RA Tripathi,A Mishra,Washington Sundar,0,0,0,0,,,
1359484,20230407_2023_10,League,2023,2023-04-07,"Bharat Ratna Shri Atal Bihari Vajpayee Ekana Cricket Stadium, Lucknow",Lucknow,Sunrisers Hyderabad,Lucknow Super Giants,Sunrisers Hyderabad,bat,win,Lucknow Super Giants,,5,KH Pandya,,,Sunrisers Hyderabad,1,False,14,14.4,RA Tripathi,A Mishra,Washington Sundar,1,0,1,0,,,
1359484,20230407_2023_10,League,2023,2023-04-07,"Bharat Ratna Shri Atal Bihari Vajpayee Ekana Cricket Stadium, Lucknow",Lucknow,Sunrisers Hyderabad,Lucknow Super Giants,Sunrisers Hyderabad,bat,win,Lucknow Super Giants,,5,KH Pandya,,,Sunrisers Hyderabad,1,False,14,14.5,Washington Sundar,A Mishra,RA Tripathi,1,0,1,0,,,
1359484,20230407_2023_10,League,2023,2023-04-07,"Bharat Ratna Shri Atal Bihari Vajpayee Ekana Cricket Stadium, Lucknow",Lucknow,Sunrisers Hyderabad,Lucknow Super Giants,Sunrisers Hyderabad,bat,win,Lucknow Super Giants,,5,KH Pandya,,,Sunrisers Hyderabad,1,False,14,14.6,RA Tripathi,A Mishra,Washington Sundar,4,0,4,0,,,
1359484,20230407_2023_10,League,2023,2023-04-07,"Bharat Ratna Shri Atal Bihari Vajpayee Ekana Cricket Stadium, Lucknow",Lucknow,Sunrisers Hyderabad,Lucknow Super Giants,Sunrisers Hyderabad,bat,win,Lucknow Super Giants,,5,KH Pandya,,,Sunrisers Hyderabad,1,False,15,15.1,Washington Sundar,KH Pandya,RA Tripathi,0,0,0,0,,,
1359484,20230407_2023_10,League,2023,2023-04-07,"Bharat Ratna Shri Atal Bihari Vajpayee Ekana Cricket Stadium, Lucknow",Lucknow,Sunrisers Hyderabad,Lucknow Super Giants,Sunrisers Hyderabad,bat,win,Lucknow Super Giants,,5,KH Pandya,,,Sunrisers Hyderabad,1,False,15,15.2,Washington Sundar,KH Pandya,RA Tripathi,0,0,0,0,,,
1359484,20230407_2023_10,League,2023,2023-04-07,"Bharat Ratna Shri Atal Bihari Vajpayee Ekana Cricket Stadium, Lucknow",Lucknow,Sunrisers Hyderabad,Lucknow Super Giants,Sunrisers Hyderabad,bat,win,Lucknow Super Giants,,5,KH Pandya,,,Sunrisers Hyderabad,1,False,15,15.3,Washington Sundar,KH Pandya,RA Tripathi,0,0,0,0,,,
1359484,20230407_2023_10,League,2023,2023-04-07,"Bharat Ratna Shri Atal Bihari Vajpayee Ekana Cricket Stadium, Lucknow",Lucknow,Sunrisers Hyderabad,Lucknow Super Giants,Sunrisers Hyderabad,bat,win,Lucknow Super Giants,,5,KH Pandya,,,Sunrisers Hyderabad,1,False,15,15.4,Washington Sundar,KH Pandya,RA Tripathi,1,0,1,0,,,
1359484,20230407_2023_10,League,2023,2023-04-07,"Bharat Ratna Shri Atal Bihari Vajpayee Ekana Cricket Stadium, Lucknow",Lucknow,Sunrisers Hyderabad,Lucknow Super Giants,Sunrisers Hyderabad,bat,win,Lucknow Super Giants,,5,KH Pandya,,,Sunrisers Hyderabad,1,False,15,15.5,RA Tripathi,KH Pandya,Washington Sundar,0,0,0,0,,,
1359484,20230407_2023_10,League,2023,2023-04-07,"Bharat Ratna Shri Atal Bihari Vajpayee Ekana Cricket Stadium, Lucknow",Lucknow,Sunrisers Hyderabad,Lucknow Super Giants,Sunrisers Hyderabad,bat,win,Lucknow Super Giants,,5,KH Pandya,,,Sunrisers Hyderabad,1,False,15,15.6,RA Tripathi,KH Pandya,Washington Sundar,0,0,0,0,,,
1359484,20230407_2023_10,League,2023,2023-04-07,"Bharat Ratna Shri Atal Bihari Vajpayee Ekana Cricket Stadium, Lucknow",Lucknow,Sunrisers Hyderabad,Lucknow Super Giants,Sunrisers Hyderabad,bat,win,Lucknow Super Giants,,5,KH Pandya,,,Sunrisers Hyderabad,1,False,16,16.1,Washington Sundar,A Mishra,RA Tripathi,1,0,1,0,,,
1359484,20230407_2023_10,League,2023,2023-04-07,"Bharat Ratna Shri Atal Bihari Vajpayee Ekana Cricket Stadium, Lucknow",Lucknow,Sunrisers Hyderabad,Lucknow Super Giants,Sunrisers Hyderabad,bat,win,Lucknow Super Giants,,5,KH Pandya,,,Sunrisers Hyderabad,1,False,16,16.2,RA Tripathi,A Mishra,Washington Sundar,0,0,0,0,,,
1359484,20230407_2023_10,League,2023,2023-04-07,"Bharat Ratna Shri Atal Bihari Vajpayee Ekana Cricket Stadium, Lucknow",Lucknow,Sunrisers Hyderabad,Lucknow Super Giants,Sunrisers Hyderabad,bat,win,Lucknow Super Giants,,5,KH Pandya,,,Sunrisers Hyderabad,1,False,16,16.3,RA Tripathi,A Mishra,Washington Sundar,1,0,1,0,,,
1359484,20230407_2023_10,League,2023,2023-04-07,"Bharat Ratna Shri Atal Bihari Vajpayee Ekana Cricket Stadium, Lucknow",Lucknow,Sunrisers Hyderabad,Lucknow Super Giants,Sunrisers Hyderabad,bat,win,Lucknow Super Giants,,5,KH Pandya,,,Sunrisers Hyderabad,1,False,16,16.4,Washington Sundar,A Mishra,RA Tripathi,1,0,1,0,,,
1359484,20230407_2023_10,League,2023,2023-04-07,"Bharat Ratna Shri Atal Bihari Vajpayee Ekana Cricket Stadium, Lucknow",Lucknow,Sunrisers Hyderabad,Lucknow Super Giants,Sunrisers Hyderabad,bat,win,Lucknow Super Giants,,5,KH Pandya,,,Sunrisers Hyderabad,1,False,16,16.5,RA Tripathi,A Mishra,Washington Sundar,4,0,4,0,,,
1359484,20230407_2023_10,League,2023,2023-04-07,"Bharat Ratna Shri Atal Bihari Vajpayee Ekana Cricket Stadium, Lucknow",Lucknow,Sunrisers Hyderabad,Lucknow Super Giants,Sunrisers Hyderabad,bat,win,Lucknow Super Giants,,5,KH Pandya,,,Sunrisers Hyderabad,1,False,16,16.6,RA Tripathi,A Mishra,Washington Sundar,0,1,1,0,,,
1359484,20230407_2023_10,League,2023,2023-04-07,"Bharat Ratna Shri Atal Bihari Vajpayee Ekana Cricket Stadium, Lucknow",Lucknow,Sunrisers Hyderabad,Lucknow Super Giants,Sunrisers Hyderabad,bat,win,Lucknow Super Giants,,5,KH Pandya,,,Sunrisers Hyderabad,1,False,17,17.1,RA Tripathi,Yash Thakur,Washington Sundar,2,0,2,0,,,
1359484,20230407_2023_10,League,2023,2023-04-07,"Bharat Ratna Shri Atal Bihari Vajpayee Ekana Cricket Stadium, Lucknow",Lucknow,Sunrisers Hyderabad,Lucknow Super Giants,Sunrisers Hyderabad,bat,win,Lucknow Super Giants,,5,KH Pandya,,,Sunrisers Hyderabad,1,False,17,17.2,RA Tripathi,Yash Thakur,Washington Sundar,0,0,0,1,RA Tripathi,caught,A Mishra
1359484,20230407_2023_10,League,2023,2023-04-07,"Bharat Ratna Shri Atal Bihari Vajpayee Ekana Cricket Stadium, Lucknow",Lucknow,Sunrisers Hyderabad,Lucknow Super Giants,Sunrisers Hyderabad,bat,win,Lucknow Super Giants,,5,KH Pandya,,,Sunrisers Hyderabad,1,False,17,17.3,Abdul Samad,Yash Thakur,Washington Sundar,4,0,4,0,,,
1359484,20230407_2023_10,League,2023,2023-04-07,"Bharat Ratna Shri Atal Bihari Vajpayee Ekana Cricket Stadium, Lucknow",Lucknow,Sunrisers Hyderabad,Lucknow Super Giants,Sunrisers Hyderabad,bat,win,Lucknow Super Giants,,5,KH Pandya,,,Sunrisers Hyderabad,1,False,17,17.4,Abdul Samad,Yash Thakur,Washington Sundar,1,0,1,0,,,
1359484,20230407_2023_10,League,2023,2023-04-07,"Bharat Ratna Shri Atal Bihari Vajpayee Ekana Cricket Stadium, Lucknow",Lucknow,Sunrisers Hyderabad,Lucknow Super Giants,Sunrisers Hyderabad,bat,win,Lucknow Super Giants,,5,KH Pandya,,,Sunrisers Hyderabad,1,False,17,17.5,Washington Sundar,Yash Thakur,Abdul Samad,1,0,1,0,,,
1359484,20230407_2023_10,League,2023,2023-04-07,"Bharat Ratna Shri Atal Bihari Vajpayee Ekana Cricket Stadium, Lucknow",Lucknow,Sunrisers Hyderabad,Lucknow Super Giants,Sunrisers Hyderabad,bat,win,Lucknow Super Giants,,5,KH Pandya,,,Sunrisers Hyderabad,1,False,17,17.6,Abdul Samad,Yash Thakur,Washington Sundar,2,0,2,0,,,
1359484,20230407_2023_10,League,2023,2023-04-07,"Bharat Ratna Shri Atal Bihari Vajpayee Ekana Cricket Stadium, Lucknow",Lucknow,Sunrisers Hyderabad,Lucknow Super Giants,Sunrisers Hyderabad,bat,win,Lucknow Super Giants,,5,KH Pandya,,,Sunrisers Hyderabad,1,False,18,18.1,Washington Sundar,A Mishra,Abdul Samad,1,0,1,0,,,
1359484,20230407_2023_10,League,2023,2023-04-07,"Bharat Ratna Shri Atal Bihari Vajpayee Ekana Cricket Stadium, Lucknow",Lucknow,Sunrisers Hyderabad,Lucknow Super Giants,Sunrisers Hyderabad,bat,win,Lucknow Super Giants,,5,KH Pandya,,,Sunrisers Hyderabad,1,False,18,18.2,Abdul Samad,A Mishra,Washington Sundar,1,0,1,0,,,
1359484,20230407_2023_10,League,2023,2023-04-07,"Bharat Ratna Shri Atal Bihari Vajpayee Ekana Cricket Stadium, Lucknow",Lucknow,Sunrisers Hyderabad,Lucknow Super Giants,Sunrisers Hyderabad,bat,win,Lucknow Super Giants,,5,KH Pandya,,,Sunrisers Hyderabad,1,False,18,18.3,Washington Sundar,A Mishra,Abdul Samad,0,0,0,1,Washington Sundar,caught,DJ Hooda
1359484,20230407_2023_10,League,2023,2023-04-07,"Bharat Ratna Shri Atal Bihari Vajpayee Ekana Cricket Stadium, Lucknow",Lucknow,Sunrisers Hyderabad,Lucknow Super Giants,Sunrisers Hyderabad,bat,win,Lucknow Super Giants,,5,KH Pandya,,,Sunrisers Hyderabad,1,False,18,18.4,AU Rashid,A Mishra,Abdul Samad,4,0,4,0,,,
1359484,20230407_2023_10,League,2023,2023-04-07,"Bharat Ratna Shri Atal Bihari Vajpayee Ekana Cricket Stadium, Lucknow",Lucknow,Sunrisers Hyderabad,Lucknow Super Giants,Sunrisers Hyderabad,bat,win,Lucknow Super Giants,,5,KH Pandya,,,Sunrisers Hyderabad,1,False,18,18.5,AU Rashid,A Mishra,Abdul Samad,0,0,0,0,,,
1359484,20230407_2023_10,League,2023,2023-04-07,"Bharat Ratna Shri Atal Bihari Vajpayee Ekana Cricket Stadium, Lucknow",Lucknow,Sunrisers Hyderabad,Lucknow Super Giants,Sunrisers Hyderabad,bat,win,Lucknow Super Giants,,5,KH Pandya,,,Sunrisers Hyderabad,1,False,18,18.6,AU Rashid,A Mishra,Abdul Samad,0,0,0,1,AU Rashid,caught,DJ Hooda
1359484,20230407_2023_10,League,2023,2023-04-07,"Bharat Ratna Shri Atal Bihari Vajpayee Ekana Cricket Stadium, Lucknow",Lucknow,Sunrisers Hyderabad,Lucknow Super Giants,Sunrisers Hyderabad,bat,win,Lucknow Super Giants,,5,KH Pandya,,,Sunrisers Hyderabad,1,False,19,19.1,Abdul Samad,JD Unadkat,Umran Malik,1,0,1,1,Umran Malik,run out,DJ Hooda
1359484,20230407_2023_10,League,2023,2023-04-07,"Bharat Ratna Shri Atal Bihari Vajpayee Ekana Cricket Stadium, Lucknow",Lucknow,Sunrisers Hyderabad,Lucknow Super Giants,Sunrisers Hyderabad,bat,win,Lucknow Super Giants,,5,KH Pandya,,,Sunrisers Hyderabad,1,False,19,19.2,Abdul Samad,JD Unadkat,B Kumar,6,0,6,0,,,
1359484,20230407_2023_10,League,2023,2023-04-07,"Bharat Ratna Shri Atal Bihari Vajpayee Ekana Cricket Stadium, Lucknow",Lucknow,Sunrisers Hyderabad,Lucknow Super Giants,Sunrisers Hyderabad,bat,win,Lucknow Super Giants,,5,KH Pandya,,,Sunrisers Hyderabad,1,False,19,19.3,Abdul Samad,JD Unadkat,B Kumar,0,0,0,0,,,
1359484,20230407_2023_10,League,2023,2023-04-07,"Bharat Ratna Shri Atal Bihari Vajpayee Ekana Cricket Stadium, Lucknow",Lucknow,Sunrisers Hyderabad,Lucknow Super Giants,Sunrisers Hyderabad,bat,win,Lucknow Super Giants,,5,KH Pandya,,,Sunrisers Hyderabad,1,False,19,19.4,Abdul Samad,JD Unadkat,B Kumar,0,0,0,0,,,
1359484,20230407_2023_10,League,2023,2023-04-07,"Bharat Ratna Shri Atal Bihari Vajpayee Ekana Cricket Stadium, Lucknow",Lucknow,Sunrisers Hyderabad,Lucknow Super Giants,Sunrisers Hyderabad,bat,win,Lucknow Super Giants,,5,KH Pandya,,,Sunrisers Hyderabad,1,False,19,19.5,Abdul Samad,JD Unadkat,B Kumar,6,0,6,0,,,
1359484,20230407_2023_10,League,2023,2023-04-07,"Bharat Ratna Shri Atal Bihari Vajpayee Ekana Cricket Stadium, Lucknow",Lucknow,Sunrisers Hyderabad,Lucknow Super Giants,Sunrisers Hyderabad,bat,win,Lucknow Super Giants,,5,KH Pandya,,,Sunrisers Hyderabad,1,False,19,19.6,Abdul Samad,JD Unadkat,B Kumar,0,0,0,0,,,
1359484,20230407_2023_10,League,2023,2023-04-07,"Bharat Ratna Shri Atal Bihari Vajpayee Ekana Cricket Stadium, Lucknow",Lucknow,Sunrisers Hyderabad,Lucknow Super Giants,Sunrisers Hyderabad,bat,win,Lucknow Super Giants,,5,KH Pandya,,,Lucknow Super Giants,2,False,0,0.1,KR Mayers,B Kumar,KL Rahul,0,0,0,0,,,
1359484,20230407_2023_10,League,2023,2023-04-07,"Bharat Ratna Shri Atal Bihari Vajpayee Ekana Cricket Stadium, Lucknow",Lucknow,Sunrisers Hyderabad,Lucknow Super Giants,Sunrisers Hyderabad,bat,win,Lucknow Super Giants,,5,KH Pandya,,,Lucknow Super Giants,2,False,0,0.2,KR Mayers,B Kumar,KL Rahul,1,0,1,0,,,
1359484,20230407_2023_10,League,2023,2023-04-07,"Bharat Ratna Shri Atal Bihari Vajpayee Ekana Cricket Stadium, Lucknow",Lucknow,Sunrisers Hyderabad,Lucknow Super Giants,Sunrisers Hyderabad,bat,win,Lucknow Super Giants,,5,KH Pandya,,,Lucknow Super Giants,2,False,0,0.3,KL Rahul,B Kumar,KR Mayers,4,0,4,0,,,
1359484,20230407_2023_10,League,2023,2023-04-07,"Bharat Ratna Shri Atal Bihari Vajpayee Ekana Cricket Stadium, Lucknow",Lucknow,Sunrisers Hyderabad,Lucknow Super Giants,Sunrisers Hyderabad,bat,win,Lucknow Super Giants,,5,KH Pandya,,,Lucknow Super Giants,2,False,0,0.4,KL Rahul,B Kumar,KR Mayers,0,5,5,0,,,
1359484,20230407_2023_10,League,2023,2023-04-07,"Bharat Ratna Shri Atal Bihari Vajpayee Ekana Cricket Stadium, Lucknow",Lucknow,Sunrisers Hyderabad,Lucknow Super Giants,Sunrisers Hyderabad,bat,win,Lucknow Super Giants,,5,KH Pandya,,,Lucknow Super Giants,2,False,0,0.5,KL Rahul,B Kumar,KR Mayers,1,0,1,0,,,
1359484,20230407_2023_10,League,2023,2023-04-07,"Bharat Ratna Shri Atal Bihari Vajpayee Ekana Cricket Stadium, Lucknow",Lucknow,Sunrisers Hyderabad,Lucknow Super Giants,Sunrisers Hyderabad,bat,win,Lucknow Super Giants,,5,KH Pandya,,,Lucknow Super Giants,2,False,0,0.6,KR Mayers,B Kumar,KL Rahul,0,0,0,0,,,
1359484,20230407_2023_10,League,2023,2023-04-07,"Bharat Ratna Shri Atal Bihari Vajpayee Ekana Cricket Stadium, Lucknow",Lucknow,Sunrisers Hyderabad,Lucknow Super Giants,Sunrisers Hyderabad,bat,win,Lucknow Super Giants,,5,KH Pandya,,,Lucknow Super Giants,2,False,0,0.7,KR Mayers,B Kumar,KL Rahul,2,0,2,0,,,
1359484,20230407_2023_10,League,2023,2023-04-07,"Bharat Ratna Shri Atal Bihari Vajpayee Ekana Cricket Stadium, Lucknow",Lucknow,Sunrisers Hyderabad,Lucknow Super Giants,Sunrisers Hyderabad,bat,win,Lucknow Super Giants,,5,KH Pandya,,,Lucknow Super Giants,2,False,1,1.1,KL Rahul,Washington Sundar,KR Mayers,4,0,4,0,,,
1359484,20230407_2023_10,League,2023,2023-04-07,"Bharat Ratna Shri Atal Bihari Vajpayee Ekana Cricket Stadium, Lucknow",Lucknow,Sunrisers Hyderabad,Lucknow Super Giants,Sunrisers Hyderabad,bat,win,Lucknow Super Giants,,5,KH Pandya,,,Lucknow Super Giants,2,False,1,1.2,KL Rahul,Washington Sundar,KR Mayers,1,0,1,0,,,
1359484,20230407_2023_10,League,2023,2023-04-07,"Bharat Ratna Shri Atal Bihari Vajpayee Ekana Cricket Stadium, Lucknow",Lucknow,Sunrisers Hyderabad,Lucknow Super Giants,Sunrisers Hyderabad,bat,win,Lucknow Super Giants,,5,KH Pandya,,,Lucknow Super Giants,2,False,1,1.3,KR Mayers,Washington Sundar,KL Rahul,1,0,1,0,,,
1359484,20230407_2023_10,League,2023,2023-04-07,"Bharat Ratna Shri Atal Bihari Vajpayee Ekana Cricket Stadium, Lucknow",Lucknow,Sunrisers Hyderabad,Lucknow Super Giants,Sunrisers Hyderabad,bat,win,Lucknow Super Giants,,5,KH Pandya,,,Lucknow Super Giants,2,False,1,1.4,KL Rahul,Washington Sundar,KR Mayers,1,0,1,0,,,
1359484,20230407_2023_10,League,2023,2023-04-07,"Bharat Ratna Shri Atal Bihari Vajpayee Ekana Cricket Stadium, Lucknow",Lucknow,Sunrisers Hyderabad,Lucknow Super Giants,Sunrisers Hyderabad,bat,win,Lucknow Super Giants,,5,KH Pandya,,,Lucknow Super Giants,2,False,1,1.5,KR Mayers,Washington Sundar,KL Rahul,4,0,4,0,,,
1359484,20230407_2023_10,League,2023,2023-04-07,"Bharat Ratna Shri Atal Bihari Vajpayee Ekana Cricket Stadium, Lucknow",Lucknow,Sunrisers Hyderabad,Lucknow Super Giants,Sunrisers Hyderabad,bat,win,Lucknow Super Giants,,5,KH Pandya,,,Lucknow Super Giants,2,False,1,1.6,KR Mayers,Washington Sundar,KL Rahul,0,0,0,0,,,
1359484,20230407_2023_10,League,2023,2023-04-07,"Bharat Ratna Shri Atal Bihari Vajpayee Ekana Cricket Stadium, Lucknow",Lucknow,Sunrisers Hyderabad,Lucknow Super Giants,Sunrisers Hyderabad,bat,win,Lucknow Super Giants,,5,KH Pandya,,,Lucknow Super Giants,2,False,2,2.1,KL Rahul,Fazalhaq Farooqi,KR Mayers,0,0,0,0,,,
1359484,20230407_2023_10,League,2023,2023-04-07,"Bharat Ratna Shri Atal Bihari Vajpayee Ekana Cricket Stadium, Lucknow",Lucknow,Sunrisers Hyderabad,Lucknow Super Giants,Sunrisers Hyderabad,bat,win,Lucknow Super Giants,,5,KH Pandya,,,Lucknow Super Giants,2,False,2,2.2,KL Rahul,Fazalhaq Farooqi,KR Mayers,0,0,0,0,,,
1359484,20230407_2023_10,League,2023,2023-04-07,"Bharat Ratna Shri Atal Bihari Vajpayee Ekana Cricket Stadium, Lucknow",Lucknow,Sunrisers Hyderabad,Lucknow Super Giants,Sunrisers Hyderabad,bat,win,Lucknow Super Giants,,5,KH Pandya,,,Lucknow Super Giants,2,False,2,2.3,KL Rahul,Fazalhaq Farooqi,KR Mayers,0,0,0,0,,,
1359484,20230407_2023_10,League,2023,2023-04-07,"Bharat Ratna Shri Atal Bihari Vajpayee Ekana Cricket Stadium, Lucknow",Lucknow,Sunrisers Hyderabad,Lucknow Super Giants,Sunrisers Hyderabad,bat,win,Lucknow Super Giants,,5,KH Pandya,,,Lucknow Super Giants,2,False,2,2.4,KL Rahul,Fazalhaq Farooqi,KR Mayers,1,0,1,0,,,
1359484,20230407_2023_10,League,2023,2023-04-07,"Bharat Ratna Shri Atal Bihari Vajpayee Ekana Cricket Stadium, Lucknow",Lucknow,Sunrisers Hyderabad,Lucknow Super Giants,Sunrisers Hyderabad,bat,win,Lucknow Super Giants,,5,KH Pandya,,,Lucknow Super Giants,2,False,2,2.5,KR Mayers,Fazalhaq Farooqi,KL Rahul,4,0,4,0,,,
1359484,20230407_2023_10,League,2023,2023-04-07,"Bharat Ratna Shri Atal Bihari Vajpayee Ekana Cricket Stadium, Lucknow",Lucknow,Sunrisers Hyderabad,Lucknow Super Giants,Sunrisers Hyderabad,bat,win,Lucknow Super Giants,,5,KH Pandya,,,Lucknow Super Giants,2,False,2,2.6,KR Mayers,Fazalhaq Farooqi,KL Rahul,0,0,0,0,,,
1359484,20230407_2023_10,League,2023,2023-04-07,"Bharat Ratna Shri Atal Bihari Vajpayee Ekana Cricket Stadium, Lucknow",Lucknow,Sunrisers Hyderabad,Lucknow Super Giants,Sunrisers Hyderabad,bat,win,Lucknow Super Giants,,5,KH Pandya,,,Lucknow Super Giants,2,False,3,3.1,KL Rahul,AK Markram,KR Mayers,0,0,0,0,,,
1359484,20230407_2023_10,League,2023,2023-04-07,"Bharat Ratna Shri Atal Bihari Vajpayee Ekana Cricket Stadium, Lucknow",Lucknow,Sunrisers Hyderabad,Lucknow Super Giants,Sunrisers Hyderabad,bat,win,Lucknow Super Giants,,5,KH Pandya,,,Lucknow Super Giants,2,False,3,3.2,KL Rahul,AK Markram,KR Mayers,0,0,0,0,,,
1359484,20230407_2023_10,League,2023,2023-04-07,"Bharat Ratna Shri Atal Bihari Vajpayee Ekana Cricket Stadium, Lucknow",Lucknow,Sunrisers Hyderabad,Lucknow Super Giants,Sunrisers Hyderabad,bat,win,Lucknow Super Giants,,5,KH Pandya,,,Lucknow Super Giants,2,False,3,3.3,KL Rahul,AK Markram,KR Mayers,4,0,4,0,,,
1359484,20230407_2023_10,League,2023,2023-04-07,"Bharat Ratna Shri Atal Bihari Vajpayee Ekana Cricket Stadium, Lucknow",Lucknow,Sunrisers Hyderabad,Lucknow Super Giants,Sunrisers Hyderabad,bat,win,Lucknow Super Giants,,5,KH Pandya,,,Lucknow Super Giants,2,False,3,3.4,KL Rahul,AK Markram,KR Mayers,1,0,1,0,,,
1359484,20230407_2023_10,League,2023,2023-04-07,"Bharat Ratna Shri Atal Bihari Vajpayee Ekana Cricket Stadium, Lucknow",Lucknow,Sunrisers Hyderabad,Lucknow Super Giants,Sunrisers Hyderabad,bat,win,Lucknow Super Giants,,5,KH Pandya,,,Lucknow Super Giants,2,False,3,3.5,KR Mayers,AK Markram,KL Rahul,0,0,0,0,,,
1359484,20230407_2023_10,League,2023,2023-04-07,"Bharat Ratna Shri Atal Bihari Vajpayee Ekana Cricket Stadium, Lucknow",Lucknow,Sunrisers Hyderabad,Lucknow Super Giants,Sunrisers Hyderabad,bat,win,Lucknow Super Giants,,5,KH Pandya,,,Lucknow Super Giants,2,False,3,3.6,KR Mayers,AK Markram,KL Rahul,1,0,1,0,,,
1359484,20230407_2023_10,League,2023,2023-04-07,"Bharat Ratna Shri Atal Bihari Vajpayee Ekana Cricket Stadium, Lucknow",Lucknow,Sunrisers Hyderabad,Lucknow Super Giants,Sunrisers Hyderabad,bat,win,Lucknow Super Giants,,5,KH Pandya,,,Lucknow Super Giants,2,False,4,4.1,KR Mayers,Fazalhaq Farooqi,KL Rahul,0,0,0,0,,,
1359484,20230407_2023_10,League,2023,2023-04-07,"Bharat Ratna Shri Atal Bihari Vajpayee Ekana Cricket Stadium, Lucknow",Lucknow,Sunrisers Hyderabad,Lucknow Super Giants,Sunrisers Hyderabad,bat,win,Lucknow Super Giants,,5,KH Pandya,,,Lucknow Super Giants,2,False,4,4.2,KR Mayers,Fazalhaq Farooqi,KL Rahul,0,0,0,0,,,
1359484,20230407_2023_10,League,2023,2023-04-07,"Bharat Ratna Shri Atal Bihari Vajpayee Ekana Cricket Stadium, Lucknow",Lucknow,Sunrisers Hyderabad,Lucknow Super Giants,Sunrisers Hyderabad,bat,win,Lucknow Super Giants,,5,KH Pandya,,,Lucknow Super Giants,2,False,4,4.3,KR Mayers,Fazalhaq Farooqi,KL Rahul,0,0,0,1,KR Mayers,caught,MA Agarwal
1359484,20230407_2023_10,League,2023,2023-04-07,"Bharat Ratna Shri Atal Bihari Vajpayee Ekana Cricket Stadium, Lucknow",Lucknow,Sunrisers Hyderabad,Lucknow Super Giants,Sunrisers Hyderabad,bat,win,Lucknow Super Giants,,5,KH Pandya,,,Lucknow Super Giants,2,False,4,4.4,DJ Hooda,Fazalhaq Farooqi,KL Rahul,0,1,1,0,,,
1359484,20230407_2023_10,League,2023,2023-04-07,"Bharat Ratna Shri Atal Bihari Vajpayee Ekana Cricket Stadium, Lucknow",Lucknow,Sunrisers Hyderabad,Lucknow Super Giants,Sunrisers Hyderabad,bat,win,Lucknow Super Giants,,5,KH Pandya,,,Lucknow Super Giants,2,False,4,4.5,DJ Hooda,Fazalhaq Farooqi,KL Rahul,1,0,1,0,,,
1359484,20230407_2023_10,League,2023,2023-04-07,"Bharat Ratna Shri Atal Bihari Vajpayee Ekana Cricket Stadium, Lucknow",Lucknow,Sunrisers Hyderabad,Lucknow Super Giants,Sunrisers Hyderabad,bat,win,Lucknow Super Giants,,5,KH Pandya,,,Lucknow Super Giants,2,False,4,4.6,KL Rahul,Fazalhaq Farooqi,DJ Hooda,1,0,1,0,,,
1359484,20230407_2023_10,League,2023,2023-04-07,"Bharat Ratna Shri Atal Bihari Vajpayee Ekana Cricket Stadium, Lucknow",Lucknow,Sunrisers Hyderabad,Lucknow Super Giants,Sunrisers Hyderabad,bat,win,Lucknow Super Giants,,5,KH Pandya,,,Lucknow Super Giants,2,False,4,4.7,DJ Hooda,Fazalhaq Farooqi,KL Rahul,0,1,1,0,,,
1359484,20230407_2023_10,League,2023,2023-04-07,"Bharat Ratna Shri Atal Bihari Vajpayee Ekana Cricket Stadium, Lucknow",Lucknow,Sunrisers Hyderabad,Lucknow Super Giants,Sunrisers Hyderabad,bat,win,Lucknow Super Giants,,5,KH Pandya,,,Lucknow Super Giants,2,False,5,5.1,DJ Hooda,B Kumar,KL Rahul,6,0,6,0,,,
1359484,20230407_2023_10,League,2023,2023-04-07,"Bharat Ratna Shri Atal Bihari Vajpayee Ekana Cricket Stadium, Lucknow",Lucknow,Sunrisers Hyderabad,Lucknow Super Giants,Sunrisers Hyderabad,bat,win,Lucknow Super Giants,,5,KH Pandya,,,Lucknow Super Giants,2,False,5,5.2,DJ Hooda,B Kumar,KL Rahul,0,0,0,0,,,
1359484,20230407_2023_10,League,2023,2023-04-07,"Bharat Ratna Shri Atal Bihari Vajpayee Ekana Cricket Stadium, Lucknow",Lucknow,Sunrisers Hyderabad,Lucknow Super Giants,Sunrisers Hyderabad,bat,win,Lucknow Super Giants,,5,KH Pandya,,,Lucknow Super Giants,2,False,5,5.3,DJ Hooda,B Kumar,KL Rahul,0,0,0,0,,,
1359484,20230407_2023_10,League,2023,2023-04-07,"Bharat Ratna Shri Atal Bihari Vajpayee Ekana Cricket Stadium, Lucknow",Lucknow,Sunrisers Hyderabad,Lucknow Super Giants,Sunrisers Hyderabad,bat,win,Lucknow Super Giants,,5,KH Pandya,,,Lucknow Super Giants,2,False,5,5.4,DJ Hooda,B Kumar,KL Rahul,0,0,0,0,,,
1359484,20230407_2023_10,League,2023,2023-04-07,"Bharat Ratna Shri Atal Bihari Vajpayee Ekana Cricket Stadium, Lucknow",Lucknow,Sunrisers Hyderabad,Lucknow Super Giants,Sunrisers Hyderabad,bat,win,Lucknow Super Giants,,5,KH Pandya,,,Lucknow Super Giants,2,False,5,5.5,DJ Hooda,B Kumar,KL Rahul,0,0,0,0,,,
1359484,20230407_2023_10,League,2023,2023-04-07,"Bharat Ratna Shri Atal Bihari Vajpayee Ekana Cricket Stadium, Lucknow",Lucknow,Sunrisers Hyderabad,Lucknow Super Giants,Sunrisers Hyderabad,bat,win,Lucknow Super Giants,,5,KH Pandya,,,Lucknow Super Giants,2,False,5,5.6,DJ Hooda,B Kumar,KL Rahul,0,0,0,1,DJ Hooda,caught and bowled,
1359484,20230407_2023_10,League,2023,2023-04-07,"Bharat Ratna Shri Atal Bihari Vajpayee Ekana Cricket Stadium, Lucknow",Lucknow,Sunrisers Hyderabad,Lucknow Super Giants,Sunrisers Hyderabad,bat,win,Lucknow Super Giants,,5,KH Pandya,,,Lucknow Super Giants,2,False,6,6.1,KL Rahul,AU Rashid,KH Pandya,2,0,2,0,,,
1359484,20230407_2023_10,League,2023,2023-04-07,"Bharat Ratna Shri Atal Bihari Vajpayee Ekana Cricket Stadium, Lucknow",Lucknow,Sunrisers Hyderabad,Lucknow Super Giants,Sunrisers Hyderabad,bat,win,Lucknow Super Giants,,5,KH Pandya,,,Lucknow Super Giants,2,False,6,6.2,KL Rahul,AU Rashid,KH Pandya,4,0,4,0,,,
1359484,20230407_2023_10,League,2023,2023-04-07,"Bharat Ratna Shri Atal Bihari Vajpayee Ekana Cricket Stadium, Lucknow",Lucknow,Sunrisers Hyderabad,Lucknow Super Giants,Sunrisers Hyderabad,bat,win,Lucknow Super Giants,,5,KH Pandya,,,Lucknow Super Giants,2,False,6,6.3,KL Rahul,AU Rashid,KH Pandya,1,0,1,0,,,
1359484,20230407_2023_10,League,2023,2023-04-07,"Bharat Ratna Shri Atal Bihari Vajpayee Ekana Cricket Stadium, Lucknow",Lucknow,Sunrisers Hyderabad,Lucknow Super Giants,Sunrisers Hyderabad,bat,win,Lucknow Super Giants,,5,KH Pandya,,,Lucknow Super Giants,2,False,6,6.4,KH Pandya,AU Rashid,KL Rahul,1,0,1,0,,,
1359484,20230407_2023_10,League,2023,2023-04-07,"Bharat Ratna Shri Atal Bihari Vajpayee Ekana Cricket Stadium, Lucknow",Lucknow,Sunrisers Hyderabad,Lucknow Super Giants,Sunrisers Hyderabad,bat,win,Lucknow Super Giants,,5,KH Pandya,,,Lucknow Super Giants,2,False,6,6.5,KL Rahul,AU Rashid,KH Pandya,0,0,0,0,,,
1359484,20230407_2023_10,League,2023,2023-04-07,"Bharat Ratna Shri Atal Bihari Vajpayee Ekana Cricket Stadium, Lucknow",Lucknow,Sunrisers Hyderabad,Lucknow Super Giants,Sunrisers Hyderabad,bat,win,Lucknow Super Giants,,5,KH Pandya,,,Lucknow Super Giants,2,False,6,6.6,KL Rahul,AU Rashid,KH Pandya,2,0,2,0,,,
1359484,20230407_2023_10,League,2023,2023-04-07,"Bharat Ratna Shri Atal Bihari Vajpayee Ekana Cricket Stadium, Lucknow",Lucknow,Sunrisers Hyderabad,Lucknow Super Giants,Sunrisers Hyderabad,bat,win,Lucknow Super Giants,,5,KH Pandya,,,Lucknow Super Giants,2,False,7,7.1,KH Pandya,AK Markram,KL Rahul,0,0,0,0,,,
1359484,20230407_2023_10,League,2023,2023-04-07,"Bharat Ratna Shri Atal Bihari Vajpayee Ekana Cricket Stadium, Lucknow",Lucknow,Sunrisers Hyderabad,Lucknow Super Giants,Sunrisers Hyderabad,bat,win,Lucknow Super Giants,,5,KH Pandya,,,Lucknow Super Giants,2,False,7,7.2,KH Pandya,AK Markram,KL Rahul,4,0,4,0,,,
1359484,20230407_2023_10,League,2023,2023-04-07,"Bharat Ratna Shri Atal Bihari Vajpayee Ekana Cricket Stadium, Lucknow",Lucknow,Sunrisers Hyderabad,Lucknow Super Giants,Sunrisers Hyderabad,bat,win,Lucknow Super Giants,,5,KH Pandya,,,Lucknow Super Giants,2,False,7,7.3,KH Pandya,AK Markram,KL Rahul,1,0,1,0,,,
1359484,20230407_2023_10,League,2023,2023-04-07,"Bharat Ratna Shri Atal Bihari Vajpayee Ekana Cricket Stadium, Lucknow",Lucknow,Sunrisers Hyderabad,Lucknow Super Giants,Sunrisers Hyderabad,bat,win,Lucknow Super Giants,,5,KH Pandya,,,Lucknow Super Giants,2,False,7,7.4,KL Rahul,AK Markram,KH Pandya,1,0,1,0,,,
1359484,20230407_2023_10,League,2023,2023-04-07,"Bharat Ratna Shri Atal Bihari Vajpayee Ekana Cricket Stadium, Lucknow",Lucknow,Sunrisers Hyderabad,Lucknow Super Giants,Sunrisers Hyderabad,bat,win,Lucknow Super Giants,,5,KH Pandya,,,Lucknow Super Giants,2,False,7,7.5,KH Pandya,AK Markram,KL Rahul,2,0,2,0,,,
1359484,20230407_2023_10,League,2023,2023-04-07,"Bharat Ratna Shri Atal Bihari Vajpayee Ekana Cricket Stadium, Lucknow",Lucknow,Sunrisers Hyderabad,Lucknow Super Giants,Sunrisers Hyderabad,bat,win,Lucknow Super Giants,,5,KH Pandya,,,Lucknow Super Giants,2,False,7,7.6,KH Pandya,AK Markram,KL Rahul,0,0,0,0,,,
1359484,20230407_2023_10,League,2023,2023-04-07,"Bharat Ratna Shri Atal Bihari Vajpayee Ekana Cricket Stadium, Lucknow",Lucknow,Sunrisers Hyderabad,Lucknow Super Giants,Sunrisers Hyderabad,bat,win,Lucknow Super Giants,,5,KH Pandya,,,Lucknow Super Giants,2,False,8,8.1,KL Rahul,AU Rashid,KH Pandya,1,0,1,0,,,
1359484,20230407_2023_10,League,2023,2023-04-07,"Bharat Ratna Shri Atal Bihari Vajpayee Ekana Cricket Stadium, Lucknow",Lucknow,Sunrisers Hyderabad,Lucknow Super Giants,Sunrisers Hyderabad,bat,win,Lucknow Super Giants,,5,KH Pandya,,,Lucknow Super Giants,2,False,8,8.2,KH Pandya,AU Rashid,KL Rahul,1,0,1,0,,,
1359484,20230407_2023_10,League,2023,2023-04-07,"Bharat Ratna Shri Atal Bihari Vajpayee Ekana Cricket Stadium, Lucknow",Lucknow,Sunrisers Hyderabad,Lucknow Super Giants,Sunrisers Hyderabad,bat,win,Lucknow Super Giants,,5,KH Pandya,,,Lucknow Super Giants,2,False,8,8.3,KL Rahul,AU Rashid,KH Pandya,1,0,1,0,,,
1359484,20230407_2023_10,League,2023,2023-04-07,"Bharat Ratna Shri Atal Bihari Vajpayee Ekana Cricket Stadium, Lucknow",Lucknow,Sunrisers Hyderabad,Lucknow Super Giants,Sunrisers Hyderabad,bat,win,Lucknow Super Giants,,5,KH Pandya,,,Lucknow Super Giants,2,False,8,8.4,KH Pandya,AU Rashid,KL Rahul,0,0,0,0,,,
1359484,20230407_2023_10,League,2023,2023-04-07,"Bharat Ratna Shri Atal Bihari Vajpayee Ekana Cricket Stadium, Lucknow",Lucknow,Sunrisers Hyderabad,Lucknow Super Giants,Sunrisers Hyderabad,bat,win,Lucknow Super Giants,,5,KH Pandya,,,Lucknow Super Giants,2,False,8,8.5,KH Pandya,AU Rashid,KL Rahul,0,0,0,0,,,
1359484,20230407_2023_10,League,2023,2023-04-07,"Bharat Ratna Shri Atal Bihari Vajpayee Ekana Cricket Stadium, Lucknow",Lucknow,Sunrisers Hyderabad,Lucknow Super Giants,Sunrisers Hyderabad,bat,win,Lucknow Super Giants,,5,KH Pandya,,,Lucknow Super Giants,2,False,8,8.6,KH Pandya,AU Rashid,KL Rahul,6,0,6,0,,,
1359484,20230407_2023_10,League,2023,2023-04-07,"Bharat Ratna Shri Atal Bihari Vajpayee Ekana Cricket Stadium, Lucknow",Lucknow,Sunrisers Hyderabad,Lucknow Super Giants,Sunrisers Hyderabad,bat,win,Lucknow Super Giants,,5,KH Pandya,,,Lucknow Super Giants,2,False,9,9.1,KL Rahul,T Natarajan,KH Pandya,0,1,1,0,,,
1359484,20230407_2023_10,League,2023,2023-04-07,"Bharat Ratna Shri Atal Bihari Vajpayee Ekana Cricket Stadium, Lucknow",Lucknow,Sunrisers Hyderabad,Lucknow Super Giants,Sunrisers Hyderabad,bat,win,Lucknow Super Giants,,5,KH Pandya,,,Lucknow Super Giants,2,False,9,9.2,KH Pandya,T Natarajan,KL Rahul,0,0,0,0,,,
1359484,20230407_2023_10,League,2023,2023-04-07,"Bharat Ratna Shri Atal Bihari Vajpayee Ekana Cricket Stadium, Lucknow",Lucknow,Sunrisers Hyderabad,Lucknow Super Giants,Sunrisers Hyderabad,bat,win,Lucknow Super Giants,,5,KH Pandya,,,Lucknow Super Giants,2,False,9,9.3,KH Pandya,T Natarajan,KL Rahul,4,0,4,0,,,
1359484,20230407_2023_10,League,2023,2023-04-07,"Bharat Ratna Shri Atal Bihari Vajpayee Ekana Cricket Stadium, Lucknow",Lucknow,Sunrisers Hyderabad,Lucknow Super Giants,Sunrisers Hyderabad,bat,win,Lucknow Super Giants,,5,KH Pandya,,,Lucknow Super Giants,2,False,9,9.4,KH Pandya,T Natarajan,KL Rahul,0,1,1,0,,,
1359484,20230407_2023_10,League,2023,2023-04-07,"Bharat Ratna Shri Atal Bihari Vajpayee Ekana Cricket Stadium, Lucknow",Lucknow,Sunrisers Hyderabad,Lucknow Super Giants,Sunrisers Hyderabad,bat,win,Lucknow Super Giants,,5,KH Pandya,,,Lucknow Super Giants,2,False,9,9.5,KH Pandya,T Natarajan,KL Rahul,0,0,0,0,,,
1359484,20230407_2023_10,League,2023,2023-04-07,"Bharat Ratna Shri Atal Bihari Vajpayee Ekana Cricket Stadium, Lucknow",Lucknow,Sunrisers Hyderabad,Lucknow Super Giants,Sunrisers Hyderabad,bat,win,Lucknow Super Giants,,5,KH Pandya,,,Lucknow Super Giants,2,False,9,9.6,KH Pandya,T Natarajan,KL Rahul,2,0,2,0,,,
1359484,20230407_2023_10,League,2023,2023-04-07,"Bharat Ratna Shri Atal Bihari Vajpayee Ekana Cricket Stadium, Lucknow",Lucknow,Sunrisers Hyderabad,Lucknow Super Giants,Sunrisers Hyderabad,bat,win,Lucknow Super Giants,,5,KH Pandya,,,Lucknow Super Giants,2,False,9,9.7,KH Pandya,T Natarajan,KL Rahul,2,0,2,0,,,
1359484,20230407_2023_10,League,2023,2023-04-07,"Bharat Ratna Shri Atal Bihari Vajpayee Ekana Cricket Stadium, Lucknow",Lucknow,Sunrisers Hyderabad,Lucknow Super Giants,Sunrisers Hyderabad,bat,win,Lucknow Super Giants,,5,KH Pandya,,,Lucknow Super Giants,2,False,10,10.1,KL Rahul,Umran Malik,KH Pandya,0,0,0,0,,,
1359484,20230407_2023_10,League,2023,2023-04-07,"Bharat Ratna Shri Atal Bihari Vajpayee Ekana Cricket Stadium, Lucknow",Lucknow,Sunrisers Hyderabad,Lucknow Super Giants,Sunrisers Hyderabad,bat,win,Lucknow Super Giants,,5,KH Pandya,,,Lucknow Super Giants,2,False,10,10.2,KL Rahul,Umran Malik,KH Pandya,1,0,1,0,,,
1359484,20230407_2023_10,League,2023,2023-04-07,"Bharat Ratna Shri Atal Bihari Vajpayee Ekana Cricket Stadium, Lucknow",Lucknow,Sunrisers Hyderabad,Lucknow Super Giants,Sunrisers Hyderabad,bat,win,Lucknow Super Giants,,5,KH Pandya,,,Lucknow Super Giants,2,False,10,10.3,KH Pandya,Umran Malik,KL Rahul,0,0,0,0,,,
1359484,20230407_2023_10,League,2023,2023-04-07,"Bharat Ratna Shri Atal Bihari Vajpayee Ekana Cricket Stadium, Lucknow",Lucknow,Sunrisers Hyderabad,Lucknow Super Giants,Sunrisers Hyderabad,bat,win,Lucknow Super Giants,,5,KH Pandya,,,Lucknow Super Giants,2,False,10,10.4,KH Pandya,Umran Malik,KL Rahul,0,0,0,0,,,
1359484,20230407_2023_10,League,2023,2023-04-07,"Bharat Ratna Shri Atal Bihari Vajpayee Ekana Cricket Stadium, Lucknow",Lucknow,Sunrisers Hyderabad,Lucknow Super Giants,Sunrisers Hyderabad,bat,win,Lucknow Super Giants,,5,KH Pandya,,,Lucknow Super Giants,2,False,10,10.5,KH Pandya,Umran Malik,KL Rahul,0,3,3,0,,,
1359484,20230407_2023_10,League,2023,2023-04-07,"Bharat Ratna Shri Atal Bihari Vajpayee Ekana Cricket Stadium, Lucknow",Lucknow,Sunrisers Hyderabad,Lucknow Super Giants,Sunrisers Hyderabad,bat,win,Lucknow Super Giants,,5,KH Pandya,,,Lucknow Super Giants,2,False,10,10.6,KH Pandya,Umran Malik,KL Rahul,4,0,4,0,,,
1359484,20230407_2023_10,League,2023,2023-04-07,"Bharat Ratna Shri Atal Bihari Vajpayee Ekana Cricket Stadium, Lucknow",Lucknow,Sunrisers Hyderabad,Lucknow Super Giants,Sunrisers Hyderabad,bat,win,Lucknow Super Giants,,5,KH Pandya,,,Lucknow Super Giants,2,False,10,10.7,KH Pandya,Umran Malik,KL Rahul,1,0,1,0,,,
1359484,20230407_2023_10,League,2023,2023-04-07,"Bharat Ratna Shri Atal Bihari Vajpayee Ekana Cricket Stadium, Lucknow",Lucknow,Sunrisers Hyderabad,Lucknow Super Giants,Sunrisers Hyderabad,bat,win,Lucknow Super Giants,,5,KH Pandya,,,Lucknow Super Giants,2,False,11,11.1,KH Pandya,T Natarajan,KL Rahul,1,0,1,0,,,
1359484,20230407_2023_10,League,2023,2023-04-07,"Bharat Ratna Shri Atal Bihari Vajpayee Ekana Cricket Stadium, Lucknow",Lucknow,Sunrisers Hyderabad,Lucknow Super Giants,Sunrisers Hyderabad,bat,win,Lucknow Super Giants,,5,KH Pandya,,,Lucknow Super Giants,2,False,11,11.2,KL Rahul,T Natarajan,KH Pandya,2,0,2,0,,,
1359484,20230407_2023_10,League,2023,2023-04-07,"Bharat Ratna Shri Atal Bihari Vajpayee Ekana Cricket Stadium, Lucknow",Lucknow,Sunrisers Hyderabad,Lucknow Super Giants,Sunrisers Hyderabad,bat,win,Lucknow Super Giants,,5,KH Pandya,,,Lucknow Super Giants,2,False,11,11.3,KL Rahul,T Natarajan,KH Pandya,1,0,1,0,,,
1359484,20230407_2023_10,League,2023,2023-04-07,"Bharat Ratna Shri Atal Bihari Vajpayee Ekana Cricket Stadium, Lucknow",Lucknow,Sunrisers Hyderabad,Lucknow Super Giants,Sunrisers Hyderabad,bat,win,Lucknow Super Giants,,5,KH Pandya,,,Lucknow Super Giants,2,False,11,11.4,KH Pandya,T Natarajan,KL Rahul,1,0,1,0,,,
1359484,20230407_2023_10,League,2023,2023-04-07,"Bharat Ratna Shri Atal Bihari Vajpayee Ekana Cricket Stadium, Lucknow",Lucknow,Sunrisers Hyderabad,Lucknow Super Giants,Sunrisers Hyderabad,bat,win,Lucknow Super Giants,,5,KH Pandya,,,Lucknow Super Giants,2,False,11,11.5,KL Rahul,T Natarajan,KH Pandya,0,0,0,0,,,
1359484,20230407_2023_10,League,2023,2023-04-07,"Bharat Ratna Shri Atal Bihari Vajpayee Ekana Cricket Stadium, Lucknow",Lucknow,Sunrisers Hyderabad,Lucknow Super Giants,Sunrisers Hyderabad,bat,win,Lucknow Super Giants,,5,KH Pandya,,,Lucknow Super Giants,2,False,11,11.6,KL Rahul,T Natarajan,KH Pandya,0,0,0,0,,,
1359484,20230407_2023_10,League,2023,2023-04-07,"Bharat Ratna Shri Atal Bihari Vajpayee Ekana Cricket Stadium, Lucknow",Lucknow,Sunrisers Hyderabad,Lucknow Super Giants,Sunrisers Hyderabad,bat,win,Lucknow Super Giants,,5,KH Pandya,,,Lucknow Super Giants,2,False,12,12.1,KH Pandya,Umran Malik,KL Rahul,4,0,4,0,,,
1359484,20230407_2023_10,League,2023,2023-04-07,"Bharat Ratna Shri Atal Bihari Vajpayee Ekana Cricket Stadium, Lucknow",Lucknow,Sunrisers Hyderabad,Lucknow Super Giants,Sunrisers Hyderabad,bat,win,Lucknow Super Giants,,5,KH Pandya,,,Lucknow Super Giants,2,False,12,12.2,KH Pandya,Umran Malik,KL Rahul,0,0,0,1,KH Pandya,caught,Anmolpreet Singh
1359484,20230407_2023_10,League,2023,2023-04-07,"Bharat Ratna Shri Atal Bihari Vajpayee Ekana Cricket Stadium, Lucknow",Lucknow,Sunrisers Hyderabad,Lucknow Super Giants,Sunrisers Hyderabad,bat,win,Lucknow Super Giants,,5,KH Pandya,,,Lucknow Super Giants,2,False,12,12.3,MP Stoinis,Umran Malik,KL Rahul,0,5,5,0,,,
1359484,20230407_2023_10,League,2023,2023-04-07,"Bharat Ratna Shri Atal Bihari Vajpayee Ekana Cricket Stadium, Lucknow",Lucknow,Sunrisers Hyderabad,Lucknow Super Giants,Sunrisers Hyderabad,bat,win,Lucknow Super Giants,,5,KH Pandya,,,Lucknow Super Giants,2,False,12,12.4,MP Stoinis,Umran Malik,KL Rahul,4,0,4,0,,,
1359484,20230407_2023_10,League,2023,2023-04-07,"Bharat Ratna Shri Atal Bihari Vajpayee Ekana Cricket Stadium, Lucknow",Lucknow,Sunrisers Hyderabad,Lucknow Super Giants,Sunrisers Hyderabad,bat,win,Lucknow Super Giants,,5,KH Pandya,,,Lucknow Super Giants,2,False,12,12.5,MP Stoinis,Umran Malik,KL Rahul,0,0,0,0,,,
1359484,20230407_2023_10,League,2023,2023-04-07,"Bharat Ratna Shri Atal Bihari Vajpayee Ekana Cricket Stadium, Lucknow",Lucknow,Sunrisers Hyderabad,Lucknow Super Giants,Sunrisers Hyderabad,bat,win,Lucknow Super Giants,,5,KH Pandya,,,Lucknow Super Giants,2,False,12,12.6,MP Stoinis,Umran Malik,KL Rahul,0,0,0,0,,,
1359484,20230407_2023_10,League,2023,2023-04-07,"Bharat Ratna Shri Atal Bihari Vajpayee Ekana Cricket Stadium, Lucknow",Lucknow,Sunrisers Hyderabad,Lucknow Super Giants,Sunrisers Hyderabad,bat,win,Lucknow Super Giants,,5,KH Pandya,,,Lucknow Super Giants,2,False,12,12.7,MP Stoinis,Umran Malik,KL Rahul,0,0,0,0,,,
1359484,20230407_2023_10,League,2023,2023-04-07,"Bharat Ratna Shri Atal Bihari Vajpayee Ekana Cricket Stadium, Lucknow",Lucknow,Sunrisers Hyderabad,Lucknow Super Giants,Sunrisers Hyderabad,bat,win,Lucknow Super Giants,,5,KH Pandya,,,Lucknow Super Giants,2,False,13,13.1,KL Rahul,Fazalhaq Farooqi,MP Stoinis,1,0,1,0,,,
1359484,20230407_2023_10,League,2023,2023-04-07,"Bharat Ratna Shri Atal Bihari Vajpayee Ekana Cricket Stadium, Lucknow",Lucknow,Sunrisers Hyderabad,Lucknow Super Giants,Sunrisers Hyderabad,bat,win,Lucknow Super Giants,,5,KH Pandya,,,Lucknow Super Giants,2,False,13,13.2,MP Stoinis,Fazalhaq Farooqi,KL Rahul,0,0,0,0,,,
1359484,20230407_2023_10,League,2023,2023-04-07,"Bharat Ratna Shri Atal Bihari Vajpayee Ekana Cricket Stadium, Lucknow",Lucknow,Sunrisers Hyderabad,Lucknow Super Giants,Sunrisers Hyderabad,bat,win,Lucknow Super Giants,,5,KH Pandya,,,Lucknow Super Giants,2,False,13,13.3,MP Stoinis,Fazalhaq Farooqi,KL Rahul,0,0,0,0,,,
1359484,20230407_2023_10,League,2023,2023-04-07,"Bharat Ratna Shri Atal Bihari Vajpayee Ekana Cricket Stadium, Lucknow",Lucknow,Sunrisers Hyderabad,Lucknow Super Giants,Sunrisers Hyderabad,bat,win,Lucknow Super Giants,,5,KH Pandya,,,Lucknow Super Giants,2,False,13,13.4,MP Stoinis,Fazalhaq Farooqi,KL Rahul,4,0,4,0,,,
1359484,20230407_2023_10,League,2023,2023-04-07,"Bharat Ratna Shri Atal Bihari Vajpayee Ekana Cricket Stadium, Lucknow",Lucknow,Sunrisers Hyderabad,Lucknow Super Giants,Sunrisers Hyderabad,bat,win,Lucknow Super Giants,,5,KH Pandya,,,Lucknow Super Giants,2,False,13,13.5,MP Stoinis,Fazalhaq Farooqi,KL Rahul,0,0,0,0,,,
1359484,20230407_2023_10,League,2023,2023-04-07,"Bharat Ratna Shri Atal Bihari Vajpayee Ekana Cricket Stadium, Lucknow",Lucknow,Sunrisers Hyderabad,Lucknow Super Giants,Sunrisers Hyderabad,bat,win,Lucknow Super Giants,,5,KH Pandya,,,Lucknow Super Giants,2,False,13,13.6,MP Stoinis,Fazalhaq Farooqi,KL Rahul,0,0,0,0,,,
1359484,20230407_2023_10,League,2023,2023-04-07,"Bharat Ratna Shri Atal Bihari Vajpayee Ekana Cricket Stadium, Lucknow",Lucknow,Sunrisers Hyderabad,Lucknow Super Giants,Sunrisers Hyderabad,bat,win,Lucknow Super Giants,,5,KH Pandya,,,Lucknow Super Giants,2,False,14,14.1,KL Rahul,AU Rashid,MP Stoinis,0,0,0,1,KL Rahul,lbw,
1359484,20230407_2023_10,League,2023,2023-04-07,"Bharat Ratna Shri Atal Bihari Vajpayee Ekana Cricket Stadium, Lucknow",Lucknow,Sunrisers Hyderabad,Lucknow Super Giants,Sunrisers Hyderabad,bat,win,Lucknow Super Giants,,5,KH Pandya,,,Lucknow Super Giants,2,False,14,14.2,R Shepherd,AU Rashid,MP Stoinis,0,0,0,1,R Shepherd,lbw,
1359484,20230407_2023_10,League,2023,2023-04-07,"Bharat Ratna Shri Atal Bihari Vajpayee Ekana Cricket Stadium, Lucknow",Lucknow,Sunrisers Hyderabad,Lucknow Super Giants,Sunrisers Hyderabad,bat,win,Lucknow Super Giants,,5,KH Pandya,,,Lucknow Super Giants,2,False,14,14.3,N Pooran,AU Rashid,MP Stoinis,4,0,4,0,,,
1359484,20230407_2023_10,League,2023,2023-04-07,"Bharat Ratna Shri Atal Bihari Vajpayee Ekana Cricket Stadium, Lucknow",Lucknow,Sunrisers Hyderabad,Lucknow Super Giants,Sunrisers Hyderabad,bat,win,Lucknow Super Giants,,5,KH Pandya,,,Lucknow Super Giants,2,False,14,14.4,N Pooran,AU Rashid,MP Stoinis,0,0,0,0,,,
1359484,20230407_2023_10,League,2023,2023-04-07,"Bharat Ratna Shri Atal Bihari Vajpayee Ekana Cricket Stadium, Lucknow",Lucknow,Sunrisers Hyderabad,Lucknow Super Giants,Sunrisers Hyderabad,bat,win,Lucknow Super Giants,,5,KH Pandya,,,Lucknow Super Giants,2,False,14,14.5,N Pooran,AU Rashid,MP Stoinis,0,0,0,0,,,
1359484,20230407_2023_10,League,2023,2023-04-07,"Bharat Ratna Shri Atal Bihari Vajpayee Ekana Cricket Stadium, Lucknow",Lucknow,Sunrisers Hyderabad,Lucknow Super Giants,Sunrisers Hyderabad,bat,win,Lucknow Super Giants,,5,KH Pandya,,,Lucknow Super Giants,2,False,14,14.6,N Pooran,AU Rashid,MP Stoinis,0,0,0,0,,,
1359484,20230407_2023_10,League,2023,2023-04-07,"Bharat Ratna Shri Atal Bihari Vajpayee Ekana Cricket Stadium, Lucknow",Lucknow,Sunrisers Hyderabad,Lucknow Super Giants,Sunrisers Hyderabad,bat,win,Lucknow Super Giants,,5,KH Pandya,,,Lucknow Super Giants,2,False,15,15.1,MP Stoinis,T Natarajan,N Pooran,1,0,1,0,,,
1359484,20230407_2023_10,League,2023,2023-04-07,"Bharat Ratna Shri Atal Bihari Vajpayee Ekana Cricket Stadium, Lucknow",Lucknow,Sunrisers Hyderabad,Lucknow Super Giants,Sunrisers Hyderabad,bat,win,Lucknow Super Giants,,5,KH Pandya,,,Lucknow Super Giants,2,False,15,15.2,N Pooran,T Natarajan,MP Stoinis,1,0,1,0,,,
1359484,20230407_2023_10,League,2023,2023-04-07,"Bharat Ratna Shri Atal Bihari Vajpayee Ekana Cricket Stadium, Lucknow",Lucknow,Sunrisers Hyderabad,Lucknow Super Giants,Sunrisers Hyderabad,bat,win,Lucknow Super Giants,,5,KH Pandya,,,Lucknow Super Giants,2,False,15,15.3,MP Stoinis,T Natarajan,N Pooran,0,0,0,0,,,
1359484,20230407_2023_10,League,2023,2023-04-07,"Bharat Ratna Shri Atal Bihari Vajpayee Ekana Cricket Stadium, Lucknow",Lucknow,Sunrisers Hyderabad,Lucknow Super Giants,Sunrisers Hyderabad,bat,win,Lucknow Super Giants,,5,KH Pandya,,,Lucknow Super Giants,2,False,15,15.4,MP Stoinis,T Natarajan,N Pooran,0,0,0,0,,,
1359484,20230407_2023_10,League,2023,2023-04-07,"Bharat Ratna Shri Atal Bihari Vajpayee Ekana Cricket Stadium, Lucknow",Lucknow,Sunrisers Hyderabad,Lucknow Super Giants,Sunrisers Hyderabad,bat,win,Lucknow Super Giants,,5,KH Pandya,,,Lucknow Super Giants,2,False,15,15.5,MP Stoinis,T Natarajan,N Pooran,1,0,1,0,,,
1359484,20230407_2023_10,League,2023,2023-04-07,"Bharat Ratna Shri Atal Bihari Vajpayee Ekana Cricket Stadium, Lucknow",Lucknow,Sunrisers Hyderabad,Lucknow Super Giants,Sunrisers Hyderabad,bat,win,Lucknow Super Giants,,5,KH Pandya,,,Lucknow Super Giants,2,False,15,15.6,N Pooran,T Natarajan,MP Stoinis,6,0,6,0,,,
